/*
SQLyog Ultimate v10.00 Beta1
MySQL - 5.6.38 : Database - greensky
*********************************************************************
*/

/*!40101 SET NAMES utf8 */;

/*!40101 SET SQL_MODE=''*/;

/*!40014 SET @OLD_UNIQUE_CHECKS=@@UNIQUE_CHECKS, UNIQUE_CHECKS=0 */;
/*!40014 SET @OLD_FOREIGN_KEY_CHECKS=@@FOREIGN_KEY_CHECKS, FOREIGN_KEY_CHECKS=0 */;
/*!40101 SET @OLD_SQL_MODE=@@SQL_MODE, SQL_MODE='NO_AUTO_VALUE_ON_ZERO' */;
/*!40111 SET @OLD_SQL_NOTES=@@SQL_NOTES, SQL_NOTES=0 */;
CREATE DATABASE /*!32312 IF NOT EXISTS*/`greensky` /*!40100 DEFAULT CHARACTER SET latin1 */;

USE `greensky`;

/*Table structure for table `capsule_owner` */

DROP TABLE IF EXISTS `capsule_owner`;

CREATE TABLE `capsule_owner` (
  `id` int(10) unsigned NOT NULL AUTO_INCREMENT,
  `capsule_id` int(11) NOT NULL,
  `name` varchar(191) COLLATE utf8mb4_unicode_ci NOT NULL,
  `username` varchar(191) COLLATE utf8mb4_unicode_ci NOT NULL,
  `status` varchar(191) COLLATE utf8mb4_unicode_ci NOT NULL,
  `created_at` timestamp NULL DEFAULT NULL,
  `updated_at` timestamp NULL DEFAULT NULL,
  PRIMARY KEY (`id`)
) ENGINE=InnoDB AUTO_INCREMENT=9 DEFAULT CHARSET=utf8mb4 COLLATE=utf8mb4_unicode_ci;

/*Data for the table `capsule_owner` */

insert  into `capsule_owner`(`id`,`capsule_id`,`name`,`username`,`status`,`created_at`,`updated_at`) values (1,137339,'Bethany Buxton','BBuxton','ACTIVE','2018-02-28 06:45:41','2018-02-28 06:45:41'),(2,137344,'Keith Buxton','KBuxton','ACTIVE','2018-02-28 06:45:41','2018-02-28 06:45:41'),(3,270000,'Louise Zinzopoulos','LZinzopoulos','ACTIVE','2018-02-28 06:45:41','2018-02-28 06:45:41'),(4,272053,'Doug Pledger','DPledger','ACTIVE','2018-02-28 06:45:41','2018-02-28 06:45:41'),(5,313982,'David Prince','DPrince','ACTIVE','2018-02-28 06:45:41','2018-02-28 06:45:41'),(6,349075,'Cameron Knight','CKnight','ACTIVE','2018-02-28 06:45:41','2018-02-28 06:45:41'),(7,354013,'Kristy Eaton','KEaton','ACTIVE','2018-02-28 06:45:41','2018-02-28 06:45:41'),(8,371449,'Nick Nedelkovski','NNedelkovski','ACTIVE','2018-02-28 06:45:41','2018-02-28 06:45:41');

/*Table structure for table `category` */

DROP TABLE IF EXISTS `category`;

CREATE TABLE `category` (
  `id` int(10) unsigned NOT NULL AUTO_INCREMENT,
  `parent_id` int(11) DEFAULT NULL,
  `name` varchar(191) COLLATE utf8mb4_unicode_ci NOT NULL,
  `description` longtext COLLATE utf8mb4_unicode_ci,
  `status` varchar(191) COLLATE utf8mb4_unicode_ci DEFAULT 'active',
  `deleted_at` timestamp NULL DEFAULT NULL,
  `created_at` timestamp NULL DEFAULT NULL,
  `updated_at` timestamp NULL DEFAULT NULL,
  PRIMARY KEY (`id`)
) ENGINE=InnoDB AUTO_INCREMENT=5 DEFAULT CHARSET=utf8mb4 COLLATE=utf8mb4_unicode_ci;

/*Data for the table `category` */

insert  into `category`(`id`,`parent_id`,`name`,`description`,`status`,`deleted_at`,`created_at`,`updated_at`) values (2,NULL,'Laptop','tet','active',NULL,'2018-02-27 09:12:28','2018-02-27 09:12:28'),(3,NULL,'system',NULL,'active',NULL,'2018-02-28 06:38:42','2018-02-28 06:38:42'),(4,NULL,'Computers','All type computer availables.','active',NULL,'2018-02-28 09:00:19','2018-02-28 09:05:08');

/*Table structure for table `migrations` */

DROP TABLE IF EXISTS `migrations`;

CREATE TABLE `migrations` (
  `id` int(10) unsigned NOT NULL AUTO_INCREMENT,
  `migration` varchar(255) COLLATE utf8mb4_unicode_ci NOT NULL,
  `batch` int(11) NOT NULL,
  PRIMARY KEY (`id`)
) ENGINE=MyISAM AUTO_INCREMENT=11 DEFAULT CHARSET=utf8mb4 COLLATE=utf8mb4_unicode_ci;

/*Data for the table `migrations` */

insert  into `migrations`(`id`,`migration`,`batch`) values (1,'2016_01_01_193651_create_roles_permissions_tables',1),(2,'2018_02_26_070656_create_category_table',2),(3,'2018_02_26_083346_create_product_table',2),(4,'2018_02_26_101056_create_package_table',2),(5,'2018_02_27_091654_create_capsule_owner_table',3),(6,'2018_02_27_094920_add_field_to_users',3),(7,'2018_02_27_101610_add_field_to_package',3),(8,'2018_02_28_073418_opportunity_table',4),(9,'2018_03_09_104509_create_solar_call',5),(10,'2018_03_09_105639_create_solar_capsule',5);

/*Table structure for table `opportunity` */

DROP TABLE IF EXISTS `opportunity`;

CREATE TABLE `opportunity` (
  `id` int(10) unsigned NOT NULL AUTO_INCREMENT,
  `opp_id` int(11) NOT NULL,
  `owner_id` int(11) NOT NULL,
  `opp_name` varchar(191) COLLATE utf8mb4_unicode_ci NOT NULL,
  `closed` date DEFAULT NULL,
  `created_at` timestamp NULL DEFAULT NULL,
  `updated_at` timestamp NULL DEFAULT NULL,
  PRIMARY KEY (`id`)
) ENGINE=InnoDB AUTO_INCREMENT=51 DEFAULT CHARSET=utf8mb4 COLLATE=utf8mb4_unicode_ci;

/*Data for the table `opportunity` */

insert  into `opportunity`(`id`,`opp_id`,`owner_id`,`opp_name`,`closed`,`created_at`,`updated_at`) values (1,3964819,137339,'Lead','2016-03-08','2018-02-28 12:16:26','2018-02-28 12:16:26'),(2,4138175,137339,'Michael Convery','2016-08-30','2018-02-28 12:16:26','2018-02-28 12:16:26'),(3,4187060,137339,'Alex Kingo','2016-05-09','2018-02-28 12:16:26','2018-02-28 12:16:26'),(4,4237451,137339,'Craig Borrow','2016-04-20','2018-02-28 12:16:26','2018-02-28 12:16:26'),(5,4272102,137339,'Simon Cowen','2016-05-02','2018-02-28 12:16:26','2018-02-28 12:16:26'),(6,4284283,137339,'Pamela Lewer','2016-05-25','2018-02-28 12:16:26','2018-02-28 12:16:26'),(7,4496116,137339,'Bronwyn Boyle','2017-06-01','2018-02-28 12:16:26','2018-02-28 12:16:26'),(8,4503009,137339,'Sam Ariti','2017-06-01','2018-02-28 12:16:26','2018-02-28 12:16:26'),(9,4520309,137339,'Giuseppe Chisari','2017-06-01','2018-02-28 12:16:26','2018-02-28 12:16:26'),(10,4520333,137339,'Greg Mc Dermott','2017-06-01','2018-02-28 12:16:26','2018-02-28 12:16:26'),(11,4520408,137339,'Margot Dean','2017-06-01','2018-02-28 12:16:26','2018-02-28 12:16:26'),(12,4520562,137339,'Kerry Boyd','2017-06-01','2018-02-28 12:16:26','2018-02-28 12:16:26'),(13,4526656,137339,'Ginny Balfour',NULL,'2018-02-28 12:16:26','2018-02-28 12:16:26'),(14,4528977,137339,'Nessie Hicks',NULL,'2018-02-28 12:16:26','2018-02-28 12:16:26'),(15,4643582,137339,'Elsa Yanes','2017-06-01','2018-02-28 12:16:26','2018-02-28 12:16:26'),(16,4643777,137339,'Brendan Faye','2016-12-01','2018-02-28 12:16:26','2018-02-28 12:16:26'),(17,4792956,137339,'Metromotion','2016-10-12','2018-02-28 12:16:26','2018-02-28 12:16:26'),(18,4853849,137339,'Willem Gaymans',NULL,'2018-02-28 12:16:26','2018-02-28 12:16:26'),(19,4853851,137339,'Shane O\'Neil',NULL,'2018-02-28 12:16:26','2018-02-28 12:16:26'),(20,4853854,137339,'Adam Russell',NULL,'2018-02-28 12:16:26','2018-02-28 12:16:26'),(21,4853857,137339,'Daniel Dimitrijevski',NULL,'2018-02-28 12:16:26','2018-02-28 12:16:26'),(22,4853858,137339,'Graham Johnson',NULL,'2018-02-28 12:16:26','2018-02-28 12:16:26'),(23,4853859,137339,'Jo Landgren',NULL,'2018-02-28 12:16:26','2018-02-28 12:16:26'),(24,4853860,137339,'bin chandra',NULL,'2018-02-28 12:16:26','2018-02-28 12:16:26'),(25,4853862,137339,'Stephen Donald',NULL,'2018-02-28 12:16:26','2018-02-28 12:16:26'),(26,4853863,137339,'bianca lorefice',NULL,'2018-02-28 12:16:26','2018-02-28 12:16:26'),(27,4853865,137339,'Jan Cutler',NULL,'2018-02-28 12:16:26','2018-02-28 12:16:26'),(28,4853867,137339,'Mark Clarkson',NULL,'2018-02-28 12:16:26','2018-02-28 12:16:26'),(29,4853869,137339,'Paul Haase',NULL,'2018-02-28 12:16:26','2018-02-28 12:16:26'),(30,4853871,137339,'eric jeyaseelan',NULL,'2018-02-28 12:16:26','2018-02-28 12:16:26'),(31,4853872,137339,'Karen Banson',NULL,'2018-02-28 12:16:26','2018-02-28 12:16:26'),(32,4853873,137339,'Jennifer Sutton','2017-12-21','2018-02-28 12:16:26','2018-02-28 12:16:26'),(33,4944248,137339,'Fiona Seoud','2017-01-13','2018-02-28 12:16:26','2018-02-28 12:16:26'),(34,4944278,137339,'Jaga Sothy','2016-11-28','2018-02-28 12:16:26','2018-02-28 12:16:26'),(35,5387517,137339,'James','2017-04-13','2018-02-28 12:16:26','2018-02-28 12:16:26'),(36,5417608,137339,'Rod Young',NULL,'2018-02-28 12:16:26','2018-02-28 12:16:26'),(37,5513838,137339,'Leigh Downes','2017-05-19','2018-02-28 12:16:26','2018-02-28 12:16:26'),(38,5563576,137339,'Ashwin Tyagi',NULL,'2018-02-28 12:16:26','2018-02-28 12:16:26'),(39,5568118,137339,'Stellio Azemothe',NULL,'2018-02-28 12:16:26','2018-02-28 12:16:26'),(40,5568120,137339,'Alex Au-Yeung',NULL,'2018-02-28 12:16:26','2018-02-28 12:16:26'),(41,5568123,137339,'William Stout',NULL,'2018-02-28 12:16:26','2018-02-28 12:16:26'),(42,5568128,137339,'Oleg Ponomarenko',NULL,'2018-02-28 12:16:26','2018-02-28 12:16:26'),(43,5568129,137339,'Matthew Le',NULL,'2018-02-28 12:16:26','2018-02-28 12:16:26'),(44,5568130,137339,'Tina Schmidt',NULL,'2018-02-28 12:16:26','2018-02-28 12:16:26'),(45,5568131,137339,'Zig Kiss',NULL,'2018-02-28 12:16:26','2018-02-28 12:16:26'),(46,5568132,137339,'Sam Stewart',NULL,'2018-02-28 12:16:26','2018-02-28 12:16:26'),(47,5568133,137339,'Dheeraj Jain',NULL,'2018-02-28 12:16:26','2018-02-28 12:16:26'),(48,5568135,137339,'Harsh Kushwah',NULL,'2018-02-28 12:16:26','2018-02-28 12:16:26'),(49,5568137,137339,'Imran Ansari',NULL,'2018-02-28 12:16:26','2018-02-28 12:16:26'),(50,5568140,137339,'Adam Hammet','2017-12-13','2018-02-28 12:16:26','2018-02-28 12:16:26');

/*Table structure for table `package_product` */

DROP TABLE IF EXISTS `package_product`;

CREATE TABLE `package_product` (
  `id` int(10) unsigned NOT NULL AUTO_INCREMENT,
  `package_id` int(11) NOT NULL,
  `product_id` int(11) NOT NULL,
  `created_at` timestamp NULL DEFAULT NULL,
  `updated_at` timestamp NULL DEFAULT NULL,
  PRIMARY KEY (`id`)
) ENGINE=InnoDB AUTO_INCREMENT=19 DEFAULT CHARSET=utf8mb4 COLLATE=utf8mb4_unicode_ci;

/*Data for the table `package_product` */

insert  into `package_product`(`id`,`package_id`,`product_id`,`created_at`,`updated_at`) values (1,1,1,'2018-02-28 06:29:15','2018-02-28 06:29:15'),(2,2,1,'2018-02-28 06:33:40','2018-02-28 06:33:40'),(8,3,3,'2018-02-28 06:41:04','2018-02-28 06:41:04'),(13,4,4,'2018-02-28 09:21:34','2018-02-28 09:21:34'),(14,5,3,'2018-02-28 09:21:59','2018-02-28 09:21:59'),(16,6,4,'2018-02-28 09:22:41','2018-02-28 09:22:41'),(17,7,3,'2018-03-05 13:28:23','2018-03-05 13:28:23'),(18,7,4,'2018-03-05 13:28:23','2018-03-05 13:28:23');

/*Table structure for table `packages` */

DROP TABLE IF EXISTS `packages`;

CREATE TABLE `packages` (
  `id` int(10) unsigned NOT NULL AUTO_INCREMENT,
  `title` varchar(191) COLLATE utf8mb4_unicode_ci NOT NULL,
  `price` longtext COLLATE utf8mb4_unicode_ci NOT NULL,
  `deleted_at` timestamp NULL DEFAULT NULL,
  `created_at` timestamp NULL DEFAULT NULL,
  `updated_at` timestamp NULL DEFAULT NULL,
  `kw` text COLLATE utf8mb4_unicode_ci,
  PRIMARY KEY (`id`)
) ENGINE=InnoDB AUTO_INCREMENT=8 DEFAULT CHARSET=utf8mb4 COLLATE=utf8mb4_unicode_ci;

/*Data for the table `packages` */

insert  into `packages`(`id`,`title`,`price`,`deleted_at`,`created_at`,`updated_at`,`kw`) values (1,'package 1','100','2018-02-28 06:33:08','2018-02-28 06:29:15','2018-02-28 06:33:08','10'),(2,'Package 1','100','2018-02-28 06:34:17','2018-02-28 06:33:40','2018-02-28 06:34:17','100'),(3,'Package 1','45000',NULL,'2018-02-28 06:34:31','2018-02-28 06:41:04','10'),(4,'Test Package','500',NULL,'2018-02-28 09:18:24','2018-02-28 09:21:34','23'),(5,'testing package','45000','2018-02-28 09:22:05','2018-02-28 09:21:59','2018-02-28 09:22:05','345'),(6,'asa','500','2018-02-28 09:22:48','2018-02-28 09:22:21','2018-02-28 09:22:48','X'),(7,'test','45500',NULL,'2018-03-05 13:28:23','2018-03-05 13:28:23','12');

/*Table structure for table `password_resets` */

DROP TABLE IF EXISTS `password_resets`;

CREATE TABLE `password_resets` (
  `email` varchar(255) COLLATE utf8mb4_unicode_ci NOT NULL,
  `token` varchar(255) COLLATE utf8mb4_unicode_ci NOT NULL,
  `created_at` timestamp NULL DEFAULT NULL
) ENGINE=MyISAM DEFAULT CHARSET=utf8mb4 COLLATE=utf8mb4_unicode_ci;

/*Data for the table `password_resets` */

insert  into `password_resets`(`email`,`token`,`created_at`) values ('jui.citrusbug@gmail.com','$2y$10$uExoHlD9pnpw7c2UGvbe4OyhHa5xw47JXqm5tKuX8yNb85Ng3vwmO','2018-02-28 06:57:18'),('jitendra.citrusbug@gmail.com','$2y$10$XLltGMAv0HXlvS/6dAWFLuwRELoQuM4/WMYz2P2OUU44CHHNSzGGe','2018-02-28 09:42:10');

/*Table structure for table `permission_role` */

DROP TABLE IF EXISTS `permission_role`;

CREATE TABLE `permission_role` (
  `permission_id` int(10) unsigned NOT NULL,
  `role_id` int(10) unsigned NOT NULL,
  PRIMARY KEY (`permission_id`,`role_id`),
  KEY `permission_role_role_id_foreign` (`role_id`)
) ENGINE=MyISAM DEFAULT CHARSET=utf8mb4 COLLATE=utf8mb4_unicode_ci;

/*Data for the table `permission_role` */

insert  into `permission_role`(`permission_id`,`role_id`) values (1,1),(1,4),(2,1),(2,4),(3,1),(3,4),(4,1),(4,4),(5,1),(5,4),(6,1),(6,4),(7,1),(7,4),(8,1),(8,4),(9,1),(9,4),(10,1),(10,4),(11,1),(11,4),(12,1),(12,4),(13,4),(13,6),(14,4),(14,6),(15,4),(15,6),(16,4),(16,6),(17,4),(17,6),(18,4),(18,6),(19,4),(19,6),(20,4),(20,6),(21,4),(21,6),(22,4),(22,6),(23,4),(23,6),(24,4),(24,6),(25,5);

/*Table structure for table `permissions` */

DROP TABLE IF EXISTS `permissions`;

CREATE TABLE `permissions` (
  `id` int(10) unsigned NOT NULL AUTO_INCREMENT,
  `parent_id` int(11) NOT NULL DEFAULT '0',
  `name` varchar(255) COLLATE utf8mb4_unicode_ci NOT NULL,
  `label` varchar(255) COLLATE utf8mb4_unicode_ci DEFAULT NULL,
  `deleted_at` timestamp NULL DEFAULT NULL,
  `created_at` timestamp NULL DEFAULT NULL,
  `updated_at` timestamp NULL DEFAULT NULL,
  PRIMARY KEY (`id`)
) ENGINE=MyISAM AUTO_INCREMENT=29 DEFAULT CHARSET=utf8mb4 COLLATE=utf8mb4_unicode_ci;

/*Data for the table `permissions` */

insert  into `permissions`(`id`,`parent_id`,`name`,`label`,`deleted_at`,`created_at`,`updated_at`) values (1,0,'access.users','Can Access Users',NULL,'2018-02-20 07:31:04','2018-02-20 07:31:04'),(2,1,'access.user.create','Can Create User',NULL,'2018-02-20 07:31:29','2018-02-20 07:31:29'),(3,1,'access.user.edit','Can Edit User',NULL,'2018-02-20 07:31:44','2018-02-20 07:31:44'),(4,1,'access.user.delete','Can Delete User',NULL,'2018-02-20 07:31:58','2018-02-20 07:31:58'),(5,0,'access.roles','Can Access Roles',NULL,'2018-02-20 07:32:11','2018-02-20 07:32:11'),(6,5,'access.role.create','Can Create Role',NULL,'2018-02-20 07:32:24','2018-02-20 07:32:24'),(7,5,'access.role.edit','Can Edit Role',NULL,'2018-02-20 07:32:35','2018-02-20 07:32:35'),(8,5,'access.role.delete','Can Delete Role',NULL,'2018-02-20 07:32:52','2018-02-20 07:32:52'),(9,0,'access.permissions','Can Access Permission',NULL,'2018-02-20 07:33:09','2018-02-20 07:33:09'),(10,9,'access.permission.create','Can Create Permission',NULL,'2018-02-20 07:33:21','2018-02-20 07:33:21'),(11,9,'access.permission.edit','Can Edit Permission',NULL,'2018-02-20 07:33:34','2018-02-20 07:33:34'),(12,9,'access.permission.delete','Can Delete Permission',NULL,'2018-02-20 07:33:49','2018-02-20 07:33:49'),(13,0,'access.category','can access category',NULL,'2018-02-27 05:29:06','2018-02-27 05:29:06'),(14,13,'access.category.create','can create category',NULL,'2018-02-27 05:29:35','2018-02-27 05:29:35'),(15,13,'access.category.edit','can edit category',NULL,'2018-02-27 05:30:05','2018-02-27 05:30:05'),(16,13,'access.category.delete','can delete category',NULL,'2018-02-27 05:30:22','2018-02-27 05:30:22'),(17,0,'access.products','can access product',NULL,'2018-02-27 05:31:19','2018-02-27 05:31:19'),(18,17,'access.product.create','can create product',NULL,'2018-02-27 05:31:35','2018-02-27 05:31:35'),(19,17,'access.product.edit','can edit product',NULL,'2018-02-27 05:31:48','2018-02-27 05:31:48'),(20,17,'access.product.delete','can delete product',NULL,'2018-02-27 05:32:04','2018-02-27 05:32:04'),(21,0,'access.packages','can access packages',NULL,'2018-02-27 05:32:27','2018-02-27 05:32:27'),(22,21,'access.package.create','can create package',NULL,'2018-02-27 05:32:40','2018-02-27 05:32:40'),(23,21,'access.package.edit','can edit package',NULL,'2018-02-27 05:32:52','2018-02-27 05:32:52'),(24,21,'access.package.delete','can delete package',NULL,'2018-02-27 05:33:07','2018-02-27 05:33:07');

/*Table structure for table `product_image` */

DROP TABLE IF EXISTS `product_image`;

CREATE TABLE `product_image` (
  `id` int(10) unsigned NOT NULL AUTO_INCREMENT,
  `product_id` int(11) NOT NULL,
  `image` varchar(191) COLLATE utf8mb4_unicode_ci NOT NULL,
  `created_at` timestamp NULL DEFAULT NULL,
  `updated_at` timestamp NULL DEFAULT NULL,
  PRIMARY KEY (`id`)
) ENGINE=InnoDB AUTO_INCREMENT=33 DEFAULT CHARSET=utf8mb4 COLLATE=utf8mb4_unicode_ci;

/*Data for the table `product_image` */

insert  into `product_image`(`id`,`product_id`,`image`,`created_at`,`updated_at`) values (8,2,'15197998605a964e340ba89.jpg','2018-02-28 06:37:40','2018-02-28 06:37:40'),(10,3,'15197999815a964ead9a95f.jpg','2018-02-28 06:39:41','2018-02-28 06:39:41'),(12,3,'15197999815a964ead9c125.jpg','2018-02-28 06:39:41','2018-02-28 06:39:41'),(15,4,'15198090405a96721047822.PNG','2018-02-28 09:10:40','2018-02-28 09:10:40'),(16,7,'15204067955a9f910bbd3cb.jpg','2018-03-07 07:13:15','2018-03-07 07:13:15'),(17,8,'15205005475aa0ff4373864.png','2018-03-08 09:15:47','2018-03-08 09:15:47'),(18,9,'15205006095aa0ff8113863.jpg','2018-03-08 09:16:49','2018-03-08 09:16:49'),(23,10,'15205743055aa21f613b90a.jpg','2018-03-09 05:45:05','2018-03-09 05:45:05'),(24,10,'15205743055aa21f613c9f6.jpg','2018-03-09 05:45:05','2018-03-09 05:45:05'),(25,10,'15205743055aa21f613d6c7.jpg','2018-03-09 05:45:05','2018-03-09 05:45:05'),(26,10,'15205743055aa21f613e37e.jpg','2018-03-09 05:45:05','2018-03-09 05:45:05'),(31,11,'15205744815aa22011685f2.png','2018-03-09 05:48:01','2018-03-09 05:48:01');

/*Table structure for table `products` */

DROP TABLE IF EXISTS `products`;

CREATE TABLE `products` (
  `id` int(10) unsigned NOT NULL AUTO_INCREMENT,
  `name` varchar(191) COLLATE utf8mb4_unicode_ci NOT NULL,
  `shortdesc` longtext COLLATE utf8mb4_unicode_ci,
  `description` longtext COLLATE utf8mb4_unicode_ci,
  `image` varchar(191) COLLATE utf8mb4_unicode_ci DEFAULT NULL,
  `category_id` int(11) NOT NULL,
  `price` int(11) NOT NULL,
  `sale_price` int(11) NOT NULL,
  `deleted_at` timestamp NULL DEFAULT NULL,
  `created_at` timestamp NULL DEFAULT NULL,
  `updated_at` timestamp NULL DEFAULT NULL,
  PRIMARY KEY (`id`)
) ENGINE=InnoDB AUTO_INCREMENT=12 DEFAULT CHARSET=utf8mb4 COLLATE=utf8mb4_unicode_ci;

/*Data for the table `products` */

insert  into `products`(`id`,`name`,`shortdesc`,`description`,`image`,`category_id`,`price`,`sale_price`,`deleted_at`,`created_at`,`updated_at`) values (1,'lenovo',NULL,'tets','15197228065a952136d58ce.jpg',2,100,120,'2018-02-28 06:36:53','2018-02-27 09:13:26','2018-02-28 06:36:53'),(2,'lenovo',NULL,'tets','15203131125a9e2318e299b.jpg',2,123,987,NULL,'2018-02-28 06:37:25','2018-03-06 05:11:52'),(3,'dell',NULL,'system','15197999815a964ead99882.jpg',3,40000,45000,NULL,'2018-02-28 06:39:41','2018-02-28 06:39:41'),(4,'Test Name Products','Test Short Description','Test Descriptions','15198088425a96714a57df4.jpg',4,200,500,NULL,'2018-02-28 09:07:22','2018-02-28 09:10:09'),(5,'ytests','tdswd','test','15202566465a9d468693158.jpg',2,12,10,NULL,'2018-03-05 13:30:46','2018-03-05 13:33:07'),(6,'Check validation',NULL,'checkasd','15203132065a9e2376ca07d.jpg',2,12,20,NULL,'2018-03-06 05:13:26','2018-03-06 05:57:13'),(7,'ww','wqw','wqw','15204067955a9f910bbc1d8.png',2,-12,-90,NULL,'2018-03-07 07:13:15','2018-03-07 07:13:15'),(8,'Food','desc','test','15205005475aa0ff4372701.png',2,10,20,NULL,'2018-03-08 09:15:47','2018-03-09 04:58:26'),(9,'Milk','short desc','desc','15205006095aa0ff8112a09.png',3,10,6,NULL,'2018-03-08 09:16:49','2018-03-08 09:16:49'),(10,'dew','w32','weew','15205006855aa0ffce00b0e.png',3,12,24,NULL,'2018-03-08 09:18:05','2018-03-08 09:18:05'),(11,'test','test short desc','test desc','15205744815aa22011674de.PNG',3,12,90,NULL,'2018-03-09 05:34:33','2018-03-09 05:48:01');

/*Table structure for table `role_user` */

DROP TABLE IF EXISTS `role_user`;

CREATE TABLE `role_user` (
  `role_id` int(10) unsigned NOT NULL,
  `user_id` int(10) unsigned NOT NULL,
  PRIMARY KEY (`role_id`,`user_id`),
  KEY `role_user_user_id_foreign` (`user_id`)
) ENGINE=MyISAM DEFAULT CHARSET=utf8mb4 COLLATE=utf8mb4_unicode_ci;

/*Data for the table `role_user` */

insert  into `role_user`(`role_id`,`user_id`) values (1,2),(4,1),(4,3),(4,5),(5,4),(6,6);

/*Table structure for table `roles` */

DROP TABLE IF EXISTS `roles`;

CREATE TABLE `roles` (
  `id` int(10) unsigned NOT NULL AUTO_INCREMENT,
  `name` varchar(255) COLLATE utf8mb4_unicode_ci NOT NULL,
  `label` varchar(255) COLLATE utf8mb4_unicode_ci DEFAULT NULL,
  `deleted_at` timestamp NULL DEFAULT NULL,
  `created_at` timestamp NULL DEFAULT NULL,
  `updated_at` timestamp NULL DEFAULT NULL,
  PRIMARY KEY (`id`)
) ENGINE=MyISAM AUTO_INCREMENT=7 DEFAULT CHARSET=utf8mb4 COLLATE=utf8mb4_unicode_ci;

/*Data for the table `roles` */

insert  into `roles`(`id`,`name`,`label`,`deleted_at`,`created_at`,`updated_at`) values (1,'Admin','admin','2018-02-22 11:17:12','2018-02-20 07:35:45','2018-02-22 11:17:12'),(4,'super_admin','Super Admin',NULL,'2018-02-22 11:17:59','2018-02-22 11:17:59'),(5,'sub_admin','SUB_ADMIN',NULL,'2018-02-28 07:45:51','2018-02-28 07:45:51'),(6,'Developer','Category Access',NULL,'2018-02-28 09:34:54','2018-02-28 09:52:10');

/*Table structure for table `solar_capsule` */

DROP TABLE IF EXISTS `solar_capsule`;

CREATE TABLE `solar_capsule` (
  `id` int(10) unsigned NOT NULL AUTO_INCREMENT,
  `lead_id` bigint(20) NOT NULL,
  `party_id` bigint(20) DEFAULT NULL,
  `opportunity_id` bigint(20) DEFAULT NULL,
  `track_id` bigint(20) DEFAULT NULL,
  `created_at` timestamp NULL DEFAULT NULL,
  `updated_at` timestamp NULL DEFAULT NULL,
  PRIMARY KEY (`id`)
) ENGINE=InnoDB AUTO_INCREMENT=22 DEFAULT CHARSET=utf8mb4 COLLATE=utf8mb4_unicode_ci;

/*Data for the table `solar_capsule` */

insert  into `solar_capsule`(`id`,`lead_id`,`party_id`,`opportunity_id`,`track_id`,`created_at`,`updated_at`) values (1,358111,163779512,6515716,4324171,'2018-03-09 12:17:43','2018-03-09 12:17:45'),(2,358095,163779513,6515717,4324172,'2018-03-09 12:17:45','2018-03-09 12:17:48'),(3,358083,163779514,6515719,4324173,'2018-03-09 12:17:48','2018-03-09 12:17:50'),(4,358057,163779515,6515720,4324174,'2018-03-09 12:17:50','2018-03-09 12:17:53'),(5,358052,163779517,6515721,4324175,'2018-03-09 12:17:53','2018-03-09 12:17:55'),(6,357996,163779518,6515722,4324176,'2018-03-09 12:17:55','2018-03-09 12:17:57'),(7,358030,163779520,6515723,4324177,'2018-03-09 12:17:57','2018-03-09 12:18:00'),(8,358140,163779524,6515725,4324178,'2018-03-09 12:18:00','2018-03-09 12:18:03'),(9,358024,163779525,6515726,4324180,'2018-03-09 12:18:03','2018-03-09 12:18:06'),(10,358557,163911889,6525339,4330994,'2018-03-13 05:19:31','2018-03-13 05:19:34'),(11,358556,163911890,6525340,4330995,'2018-03-13 05:19:34','2018-03-13 05:19:37'),(12,358281,163911891,6525341,4330996,'2018-03-13 05:19:37','2018-03-13 05:19:39'),(13,358534,163911892,6525342,4330997,'2018-03-13 05:19:39','2018-03-13 05:19:41'),(14,358528,163911893,6525343,4330998,'2018-03-13 05:19:41','2018-03-13 05:19:44'),(15,358502,163911895,6525344,4330999,'2018-03-13 05:19:44','2018-03-13 05:19:46'),(16,358486,163911897,6525345,4331000,'2018-03-13 05:19:46','2018-03-13 05:19:49'),(17,358476,163911898,6525346,4331001,'2018-03-13 05:19:49','2018-03-13 05:19:51'),(18,358553,163911901,6525347,4331002,'2018-03-13 05:19:51','2018-03-13 05:19:54'),(19,358531,163911903,6525348,4331003,'2018-03-13 05:19:54','2018-03-13 05:19:56'),(20,358494,163911904,6525349,4331004,'2018-03-13 05:19:56','2018-03-13 05:19:58'),(21,358506,163911905,6525350,4331005,'2018-03-13 05:19:58','2018-03-13 05:20:01');

/*Table structure for table `solarcall` */

DROP TABLE IF EXISTS `solarcall`;

CREATE TABLE `solarcall` (
  `id` int(10) unsigned NOT NULL AUTO_INCREMENT,
  `xml` longtext COLLATE utf8mb4_unicode_ci,
  `created_at` timestamp NULL DEFAULT NULL,
  `updated_at` timestamp NULL DEFAULT NULL,
  PRIMARY KEY (`id`)
) ENGINE=InnoDB AUTO_INCREMENT=8 DEFAULT CHARSET=utf8mb4 COLLATE=utf8mb4_unicode_ci;

/*Data for the table `solarcall` */

insert  into `solarcall`(`id`,`xml`,`created_at`,`updated_at`) values (1,'<?xml version=\"1.0\" encoding=\"UTF-8\"?>\n<response><lead><id>358111</id><idLeadSupplier>811561</idLeadSupplier><name>Ken</name><lastName>Goodman</lastName><phone>0412964925</phone><email>Ken.twiggylane@hotmail.com</email><supplierId>971</supplierId><claimed>No</claimed><size>5kW</size><systemPriceType>Top quality (most expensive)</systemPriceType><timeframe>In the next 3 months</timeframe><ownTheRoofSpace>Yes</ownTheRoofSpace><typeOfRoof>Tin / Colourbond</typeOfRoof><minimumTenSquareMetersNorthFacing>I\'m not sure - Please Help Me Out</minimumTenSquareMetersNorthFacing><roofSlope/><shade/><direction>Not Sure</direction><storeys>1</storeys><features>On Grid Solar</features><leadType>Residential</leadType><submittedDate>2018-03-08 18:50:33</submittedDate><companyName/><address>23 Mariners Retreat Mornington</address><installationAddressLineOne>23 Mariners Retreat</installationAddressLineOne><installationAddressLineTwo/><installationSuburb>Mornington</installationSuburb><installationState>VIC</installationState><installationPostcode>3931</installationPostcode><installationCountry>Australia</installationCountry><mailingAddressLineOne/><mailingAddressLineTwo/><mailingSuburb/><mailingState/><mailingPostcode/><mailingCountry/><homeVisit>No</homeVisit><quarterlyBill>Less than $500</quarterlyBill><availableForConversation/><importantNotes/><requestedQuotes>3</requestedQuotes></lead><lead><id>358095</id><idLeadSupplier>811526</idLeadSupplier><name>Bas</name><lastName>Van Meurs</lastName><phone>0418 361 581</phone><email>basv@adsdesign.com.au</email><supplierId>971</supplierId><claimed>No</claimed><size>More than 6kW</size><systemPriceType>Top quality (most expensive)</systemPriceType><timeframe>Immediately</timeframe><ownTheRoofSpace>Yes</ownTheRoofSpace><typeOfRoof>Tin / Colourbond</typeOfRoof><minimumTenSquareMetersNorthFacing>I\'m not sure - Please Help Me Out</minimumTenSquareMetersNorthFacing><roofSlope/><shade/><direction>Not Sure</direction><storeys>1</storeys><features>On Grid Solar\nMicroinverters</features><leadType>Residential</leadType><submittedDate>2018-03-08 16:45:10</submittedDate><companyName/><address>230A Cambridge Rd Kilsyth</address><installationAddressLineOne>230A Cambridge Rd</installationAddressLineOne><installationAddressLineTwo/><installationSuburb>Kilsyth</installationSuburb><installationState>VIC</installationState><installationPostcode>3137</installationPostcode><installationCountry>Australia</installationCountry><mailingAddressLineOne/><mailingAddressLineTwo/><mailingSuburb/><mailingState/><mailingPostcode/><mailingCountry/><homeVisit>No</homeVisit><quarterlyBill>$1000-$2000</quarterlyBill><availableForConversation/><importantNotes>We have 3 phase aircon/heating system?</importantNotes><requestedQuotes>3</requestedQuotes></lead><lead><id>358083</id><idLeadSupplier>811505</idLeadSupplier><name>Alec</name><lastName>Konynenburg</lastName><phone>0490796747</phone><email>alec.konynenburg@gmail.com</email><supplierId>971</supplierId><claimed>No</claimed><size>More than 6kW</size><systemPriceType>A good mix of quality and price</systemPriceType><timeframe>Immediately</timeframe><ownTheRoofSpace>Yes</ownTheRoofSpace><typeOfRoof>Tin / Colourbond</typeOfRoof><minimumTenSquareMetersNorthFacing>I\'m not sure - Please Help Me Out</minimumTenSquareMetersNorthFacing><roofSlope/><shade/><direction>Not Sure</direction><storeys>2</storeys><features>On Grid Solar</features><leadType>Residential</leadType><submittedDate>2018-03-08 15:45:40</submittedDate><companyName/><address>32 Mahoney St Templestowe</address><installationAddressLineOne>32 Mahoney St</installationAddressLineOne><installationAddressLineTwo/><installationSuburb>Templestowe</installationSuburb><installationState>VIC</installationState><installationPostcode>3106</installationPostcode><installationCountry>Australia</installationCountry><mailingAddressLineOne/><mailingAddressLineTwo/><mailingSuburb/><mailingState/><mailingPostcode/><mailingCountry/><homeVisit>Yes</homeVisit><quarterlyBill>over $2000</quarterlyBill><availableForConversation/><importantNotes>Would like the ability to add a battery or storage option later.</importantNotes><requestedQuotes>3</requestedQuotes></lead><lead><id>358057</id><idLeadSupplier>811438</idLeadSupplier><name>Tim</name><lastName>Patkin</lastName><phone>0438567784</phone><email>tim.patkin@gmail.com</email><supplierId>971</supplierId><claimed>No</claimed><size>6kW</size><systemPriceType>A good mix of quality and price</systemPriceType><timeframe>In the next 4 weeks</timeframe><ownTheRoofSpace>Yes</ownTheRoofSpace><typeOfRoof>Tin / Colourbond</typeOfRoof><minimumTenSquareMetersNorthFacing>I\'m not sure - Please Help Me Out</minimumTenSquareMetersNorthFacing><roofSlope/><shade/><direction>Not Sure</direction><storeys>1</storeys><features>On Grid Solar\nMicroinverters</features><leadType>Residential</leadType><submittedDate>2018-03-08 13:35:17</submittedDate><companyName/><address>22 Clarke St Balnarring</address><installationAddressLineOne>22 Clarke St</installationAddressLineOne><installationAddressLineTwo/><installationSuburb>Balnarring</installationSuburb><installationState>VIC</installationState><installationPostcode>3926</installationPostcode><installationCountry>Australia</installationCountry><mailingAddressLineOne/><mailingAddressLineTwo/><mailingSuburb/><mailingState/><mailingPostcode/><mailingCountry/><homeVisit>Yes</homeVisit><quarterlyBill>$500-$1000</quarterlyBill><availableForConversation/><importantNotes/><requestedQuotes>3</requestedQuotes></lead><lead><id>358052</id><idLeadSupplier>811401</idLeadSupplier><name>Daniel</name><lastName>Pascoe</lastName><phone>0433424226</phone><email>daniellukepascoe@gmail.com</email><supplierId>971</supplierId><claimed>No</claimed><size>Not Sure. Please help me decide</size><systemPriceType>A good mix of quality and price</systemPriceType><timeframe>Immediately</timeframe><ownTheRoofSpace>Yes</ownTheRoofSpace><typeOfRoof>Tile</typeOfRoof><minimumTenSquareMetersNorthFacing>I\'m not sure - Please Help Me Out</minimumTenSquareMetersNorthFacing><roofSlope/><shade/><direction>Not Sure</direction><storeys>1</storeys><features>On Grid Solar\nMicroinverters</features><leadType>Residential</leadType><submittedDate>2018-03-08 12:40:10</submittedDate><companyName/><address>19 Pleasant Rd Thomastown</address><installationAddressLineOne>19 Pleasant Rd</installationAddressLineOne><installationAddressLineTwo/><installationSuburb>Thomastown</installationSuburb><installationState>VIC</installationState><installationPostcode>3074</installationPostcode><installationCountry>Australia</installationCountry><mailingAddressLineOne/><mailingAddressLineTwo/><mailingSuburb/><mailingState/><mailingPostcode/><mailingCountry/><homeVisit>No</homeVisit><quarterlyBill>Less than $500</quarterlyBill><availableForConversation/><importantNotes/><requestedQuotes>3</requestedQuotes></lead><lead><id>357996</id><idLeadSupplier>811338</idLeadSupplier><name>Noel</name><lastName>Lodge</lastName><phone>03 9735 1252</phone><email>lodgemn@gmail.com</email><supplierId>971</supplierId><claimed>No</claimed><size>Not Sure. Please help me decide</size><systemPriceType>Top quality (most expensive)</systemPriceType><timeframe>In the next 3 months</timeframe><ownTheRoofSpace>Yes</ownTheRoofSpace><typeOfRoof>Tile</typeOfRoof><minimumTenSquareMetersNorthFacing>I\'m not sure - Please Help Me Out</minimumTenSquareMetersNorthFacing><roofSlope/><shade/><direction>Not Sure</direction><storeys>1</storeys><features>Hybrid System (Grid Connect with Batteries)</features><leadType>Residential</leadType><submittedDate>2018-03-08 10:36:27</submittedDate><companyName/><address>17 Deschamps Street,  Lilydale </address><installationAddressLineOne>17 Deschamps Street, </installationAddressLineOne><installationAddressLineTwo>(front house)</installationAddressLineTwo><installationSuburb>Lilydale </installationSuburb><installationState>VIC</installationState><installationPostcode>3140</installationPostcode><installationCountry>Australia</installationCountry><mailingAddressLineOne/><mailingAddressLineTwo/><mailingSuburb/><mailingState/><mailingPostcode/><mailingCountry/><homeVisit>Yes</homeVisit><quarterlyBill>Less than $500</quarterlyBill><availableForConversation/><importantNotes>We will be on holiday from 23rd March to 7th April.We are also interested in using a Reposit Power\'s Solar &amp; Battery controller.Amount of storage required: I don\'t knowRequired for: Backup Power</importantNotes><requestedQuotes>3</requestedQuotes></lead><lead><id>358030</id><idLeadSupplier>811304</idLeadSupplier><name>Ron</name><lastName>Carroll</lastName><phone>0417472965</phone><email>roncamog@hotmail.com</email><supplierId>971</supplierId><claimed>No</claimed><size>3kW</size><systemPriceType>A good mix of quality and price</systemPriceType><timeframe>In the next 4 weeks</timeframe><ownTheRoofSpace>Yes</ownTheRoofSpace><typeOfRoof>Tile</typeOfRoof><minimumTenSquareMetersNorthFacing>I\'m not sure - Please Help Me Out</minimumTenSquareMetersNorthFacing><roofSlope/><shade/><direction>Not Sure</direction><storeys>2</storeys><features>On Grid Solar</features><leadType>Residential</leadType><submittedDate>2018-03-08 10:15:40</submittedDate><companyName/><address>10 Cormorant Parade Pakenham</address><installationAddressLineOne>10 Cormorant Parade</installationAddressLineOne><installationAddressLineTwo/><installationSuburb>Pakenham</installationSuburb><installationState>VIC</installationState><installationPostcode>3810</installationPostcode><installationCountry>Australia</installationCountry><mailingAddressLineOne/><mailingAddressLineTwo/><mailingSuburb/><mailingState/><mailingPostcode/><mailingCountry/><homeVisit>No</homeVisit><quarterlyBill>Less than $500</quarterlyBill><availableForConversation/><importantNotes/><requestedQuotes>3</requestedQuotes></lead><lead><id>358140</id><idLeadSupplier>811636</idLeadSupplier><name>david</name><lastName>goodwin</lastName><phone>0408186628</phone><email>goodwin.sin@gmail.com</email><supplierId>11640</supplierId><claimed>No</claimed><size>Not Sure. Please help me decide</size><systemPriceType>A good mix of quality and price</systemPriceType><timeframe>In the next 3 months</timeframe><ownTheRoofSpace>Yes</ownTheRoofSpace><typeOfRoof>Tile</typeOfRoof><minimumTenSquareMetersNorthFacing>I\'m not sure - Please Help Me Out</minimumTenSquareMetersNorthFacing><roofSlope/><shade/><direction>Not Sure</direction><storeys>1</storeys><features>Hybrid System (Grid Connect with Batteries)</features><leadType>Residential</leadType><submittedDate>2018-03-08 22:55:12</submittedDate><companyName/><address>23 Abelia Ct Sunbury</address><installationAddressLineOne>23 Abelia Ct</installationAddressLineOne><installationAddressLineTwo/><installationSuburb>Sunbury</installationSuburb><installationState>VIC</installationState><installationPostcode>3429</installationPostcode><installationCountry>Australia</installationCountry><mailingAddressLineOne/><mailingAddressLineTwo/><mailingSuburb/><mailingState/><mailingPostcode/><mailingCountry/><homeVisit>No</homeVisit><quarterlyBill>Don\'t know</quarterlyBill><availableForConversation/><importantNotes>Amount of storage required: I don\'t knowRequired for: Both backup power and minimising grid usage</importantNotes><requestedQuotes>3</requestedQuotes></lead><lead><id>358024</id><idLeadSupplier>811455</idLeadSupplier><name>Davin</name><lastName>Hanna</lastName><phone>0401469226</phone><email>davinhanna@gmail.com</email><supplierId>11640</supplierId><claimed>No</claimed><size>2kW</size><systemPriceType>A good mix of quality and price</systemPriceType><timeframe>In the next 6 months</timeframe><ownTheRoofSpace>Yes</ownTheRoofSpace><typeOfRoof>Tin / Colourbond</typeOfRoof><minimumTenSquareMetersNorthFacing>I\'m not sure - Please Help Me Out</minimumTenSquareMetersNorthFacing><roofSlope/><shade/><direction>Not Sure</direction><storeys>1</storeys><features>On Grid Solar\nMicroinverters</features><leadType>Manual Residential</leadType><submittedDate>2018-03-08 14:15:26</submittedDate><companyName/><address>74 Field St N Ocean Grove</address><installationAddressLineOne>74 Field St N</installationAddressLineOne><installationAddressLineTwo/><installationSuburb>Ocean Grove</installationSuburb><installationState>VIC</installationState><installationPostcode>3226</installationPostcode><installationCountry>Australia</installationCountry><mailingAddressLineOne/><mailingAddressLineTwo/><mailingSuburb/><mailingState/><mailingPostcode/><mailingCountry/><homeVisit>No</homeVisit><quarterlyBill>Less than $500</quarterlyBill><availableForConversation/><importantNotes/><requestedQuotes>2</requestedQuotes></lead><claimLeads><claimLead><id>358239</id><leadType>Residential</leadType><size>5kW</size><features>On Grid Solar</features><timeframe>In the next 4 weeks</timeframe><systemPriceType>A good mix of quality and price</systemPriceType><homeVisit>No</homeVisit><preferedSize>No preference as long as they are great!</preferedSize><quarterlyBill>Less than $500</quarterlyBill><typeOfRoof>Tin / Colourbond</typeOfRoof><installationAddres>Portarlington, VIC</installationAddres><cost>36.00</cost><requestedQuotes>3</requestedQuotes><available>1</available><claimLink>https://www.solarquotes.com.au/leads/claim?i=7eHeDHcGzYspfxJtNnDmiHEL8f39lq8_a7a1DO9l1E00f3f76RCsQfoFkaNCwV6cKS6ITsfSsWNCdtyQXBfrDQ</claimLink><expire>223938</expire></claimLead></claimLeads></response>\n','2018-03-09 12:17:43','2018-03-09 12:17:43'),(2,'<?xml version=\"1.0\" encoding=\"UTF-8\"?>\n<response><lead><id>358111</id><idLeadSupplier>811561</idLeadSupplier><name>Ken</name><lastName>Goodman</lastName><phone>0412964925</phone><email>Ken.twiggylane@hotmail.com</email><supplierId>971</supplierId><claimed>No</claimed><size>5kW</size><systemPriceType>Top quality (most expensive)</systemPriceType><timeframe>In the next 3 months</timeframe><ownTheRoofSpace>Yes</ownTheRoofSpace><typeOfRoof>Tin / Colourbond</typeOfRoof><minimumTenSquareMetersNorthFacing>I\'m not sure - Please Help Me Out</minimumTenSquareMetersNorthFacing><roofSlope/><shade/><direction>Not Sure</direction><storeys>1</storeys><features>On Grid Solar</features><leadType>Residential</leadType><submittedDate>2018-03-08 18:50:33</submittedDate><companyName/><address>23 Mariners Retreat Mornington</address><installationAddressLineOne>23 Mariners Retreat</installationAddressLineOne><installationAddressLineTwo/><installationSuburb>Mornington</installationSuburb><installationState>VIC</installationState><installationPostcode>3931</installationPostcode><installationCountry>Australia</installationCountry><mailingAddressLineOne/><mailingAddressLineTwo/><mailingSuburb/><mailingState/><mailingPostcode/><mailingCountry/><homeVisit>No</homeVisit><quarterlyBill>Less than $500</quarterlyBill><availableForConversation/><importantNotes/><requestedQuotes>3</requestedQuotes></lead><lead><id>358095</id><idLeadSupplier>811526</idLeadSupplier><name>Bas</name><lastName>Van Meurs</lastName><phone>0418 361 581</phone><email>basv@adsdesign.com.au</email><supplierId>971</supplierId><claimed>No</claimed><size>More than 6kW</size><systemPriceType>Top quality (most expensive)</systemPriceType><timeframe>Immediately</timeframe><ownTheRoofSpace>Yes</ownTheRoofSpace><typeOfRoof>Tin / Colourbond</typeOfRoof><minimumTenSquareMetersNorthFacing>I\'m not sure - Please Help Me Out</minimumTenSquareMetersNorthFacing><roofSlope/><shade/><direction>Not Sure</direction><storeys>1</storeys><features>On Grid Solar\nMicroinverters</features><leadType>Residential</leadType><submittedDate>2018-03-08 16:45:10</submittedDate><companyName/><address>230A Cambridge Rd Kilsyth</address><installationAddressLineOne>230A Cambridge Rd</installationAddressLineOne><installationAddressLineTwo/><installationSuburb>Kilsyth</installationSuburb><installationState>VIC</installationState><installationPostcode>3137</installationPostcode><installationCountry>Australia</installationCountry><mailingAddressLineOne/><mailingAddressLineTwo/><mailingSuburb/><mailingState/><mailingPostcode/><mailingCountry/><homeVisit>No</homeVisit><quarterlyBill>$1000-$2000</quarterlyBill><availableForConversation/><importantNotes>We have 3 phase aircon/heating system?</importantNotes><requestedQuotes>3</requestedQuotes></lead><lead><id>358083</id><idLeadSupplier>811505</idLeadSupplier><name>Alec</name><lastName>Konynenburg</lastName><phone>0490796747</phone><email>alec.konynenburg@gmail.com</email><supplierId>971</supplierId><claimed>No</claimed><size>More than 6kW</size><systemPriceType>A good mix of quality and price</systemPriceType><timeframe>Immediately</timeframe><ownTheRoofSpace>Yes</ownTheRoofSpace><typeOfRoof>Tin / Colourbond</typeOfRoof><minimumTenSquareMetersNorthFacing>I\'m not sure - Please Help Me Out</minimumTenSquareMetersNorthFacing><roofSlope/><shade/><direction>Not Sure</direction><storeys>2</storeys><features>On Grid Solar</features><leadType>Residential</leadType><submittedDate>2018-03-08 15:45:40</submittedDate><companyName/><address>32 Mahoney St Templestowe</address><installationAddressLineOne>32 Mahoney St</installationAddressLineOne><installationAddressLineTwo/><installationSuburb>Templestowe</installationSuburb><installationState>VIC</installationState><installationPostcode>3106</installationPostcode><installationCountry>Australia</installationCountry><mailingAddressLineOne/><mailingAddressLineTwo/><mailingSuburb/><mailingState/><mailingPostcode/><mailingCountry/><homeVisit>Yes</homeVisit><quarterlyBill>over $2000</quarterlyBill><availableForConversation/><importantNotes>Would like the ability to add a battery or storage option later.</importantNotes><requestedQuotes>3</requestedQuotes></lead><lead><id>358057</id><idLeadSupplier>811438</idLeadSupplier><name>Tim</name><lastName>Patkin</lastName><phone>0438567784</phone><email>tim.patkin@gmail.com</email><supplierId>971</supplierId><claimed>No</claimed><size>6kW</size><systemPriceType>A good mix of quality and price</systemPriceType><timeframe>In the next 4 weeks</timeframe><ownTheRoofSpace>Yes</ownTheRoofSpace><typeOfRoof>Tin / Colourbond</typeOfRoof><minimumTenSquareMetersNorthFacing>I\'m not sure - Please Help Me Out</minimumTenSquareMetersNorthFacing><roofSlope/><shade/><direction>Not Sure</direction><storeys>1</storeys><features>On Grid Solar\nMicroinverters</features><leadType>Residential</leadType><submittedDate>2018-03-08 13:35:17</submittedDate><companyName/><address>22 Clarke St Balnarring</address><installationAddressLineOne>22 Clarke St</installationAddressLineOne><installationAddressLineTwo/><installationSuburb>Balnarring</installationSuburb><installationState>VIC</installationState><installationPostcode>3926</installationPostcode><installationCountry>Australia</installationCountry><mailingAddressLineOne/><mailingAddressLineTwo/><mailingSuburb/><mailingState/><mailingPostcode/><mailingCountry/><homeVisit>Yes</homeVisit><quarterlyBill>$500-$1000</quarterlyBill><availableForConversation/><importantNotes/><requestedQuotes>3</requestedQuotes></lead><lead><id>358052</id><idLeadSupplier>811401</idLeadSupplier><name>Daniel</name><lastName>Pascoe</lastName><phone>0433424226</phone><email>daniellukepascoe@gmail.com</email><supplierId>971</supplierId><claimed>No</claimed><size>Not Sure. Please help me decide</size><systemPriceType>A good mix of quality and price</systemPriceType><timeframe>Immediately</timeframe><ownTheRoofSpace>Yes</ownTheRoofSpace><typeOfRoof>Tile</typeOfRoof><minimumTenSquareMetersNorthFacing>I\'m not sure - Please Help Me Out</minimumTenSquareMetersNorthFacing><roofSlope/><shade/><direction>Not Sure</direction><storeys>1</storeys><features>On Grid Solar\nMicroinverters</features><leadType>Residential</leadType><submittedDate>2018-03-08 12:40:10</submittedDate><companyName/><address>19 Pleasant Rd Thomastown</address><installationAddressLineOne>19 Pleasant Rd</installationAddressLineOne><installationAddressLineTwo/><installationSuburb>Thomastown</installationSuburb><installationState>VIC</installationState><installationPostcode>3074</installationPostcode><installationCountry>Australia</installationCountry><mailingAddressLineOne/><mailingAddressLineTwo/><mailingSuburb/><mailingState/><mailingPostcode/><mailingCountry/><homeVisit>No</homeVisit><quarterlyBill>Less than $500</quarterlyBill><availableForConversation/><importantNotes/><requestedQuotes>3</requestedQuotes></lead><lead><id>357996</id><idLeadSupplier>811338</idLeadSupplier><name>Noel</name><lastName>Lodge</lastName><phone>03 9735 1252</phone><email>lodgemn@gmail.com</email><supplierId>971</supplierId><claimed>No</claimed><size>Not Sure. Please help me decide</size><systemPriceType>Top quality (most expensive)</systemPriceType><timeframe>In the next 3 months</timeframe><ownTheRoofSpace>Yes</ownTheRoofSpace><typeOfRoof>Tile</typeOfRoof><minimumTenSquareMetersNorthFacing>I\'m not sure - Please Help Me Out</minimumTenSquareMetersNorthFacing><roofSlope/><shade/><direction>Not Sure</direction><storeys>1</storeys><features>Hybrid System (Grid Connect with Batteries)</features><leadType>Residential</leadType><submittedDate>2018-03-08 10:36:27</submittedDate><companyName/><address>17 Deschamps Street,  Lilydale </address><installationAddressLineOne>17 Deschamps Street, </installationAddressLineOne><installationAddressLineTwo>(front house)</installationAddressLineTwo><installationSuburb>Lilydale </installationSuburb><installationState>VIC</installationState><installationPostcode>3140</installationPostcode><installationCountry>Australia</installationCountry><mailingAddressLineOne/><mailingAddressLineTwo/><mailingSuburb/><mailingState/><mailingPostcode/><mailingCountry/><homeVisit>Yes</homeVisit><quarterlyBill>Less than $500</quarterlyBill><availableForConversation/><importantNotes>We will be on holiday from 23rd March to 7th April.We are also interested in using a Reposit Power\'s Solar &amp; Battery controller.Amount of storage required: I don\'t knowRequired for: Backup Power</importantNotes><requestedQuotes>3</requestedQuotes></lead><lead><id>358030</id><idLeadSupplier>811304</idLeadSupplier><name>Ron</name><lastName>Carroll</lastName><phone>0417472965</phone><email>roncamog@hotmail.com</email><supplierId>971</supplierId><claimed>No</claimed><size>3kW</size><systemPriceType>A good mix of quality and price</systemPriceType><timeframe>In the next 4 weeks</timeframe><ownTheRoofSpace>Yes</ownTheRoofSpace><typeOfRoof>Tile</typeOfRoof><minimumTenSquareMetersNorthFacing>I\'m not sure - Please Help Me Out</minimumTenSquareMetersNorthFacing><roofSlope/><shade/><direction>Not Sure</direction><storeys>2</storeys><features>On Grid Solar</features><leadType>Residential</leadType><submittedDate>2018-03-08 10:15:40</submittedDate><companyName/><address>10 Cormorant Parade Pakenham</address><installationAddressLineOne>10 Cormorant Parade</installationAddressLineOne><installationAddressLineTwo/><installationSuburb>Pakenham</installationSuburb><installationState>VIC</installationState><installationPostcode>3810</installationPostcode><installationCountry>Australia</installationCountry><mailingAddressLineOne/><mailingAddressLineTwo/><mailingSuburb/><mailingState/><mailingPostcode/><mailingCountry/><homeVisit>No</homeVisit><quarterlyBill>Less than $500</quarterlyBill><availableForConversation/><importantNotes/><requestedQuotes>3</requestedQuotes></lead><lead><id>358140</id><idLeadSupplier>811636</idLeadSupplier><name>david</name><lastName>goodwin</lastName><phone>0408186628</phone><email>goodwin.sin@gmail.com</email><supplierId>11640</supplierId><claimed>No</claimed><size>Not Sure. Please help me decide</size><systemPriceType>A good mix of quality and price</systemPriceType><timeframe>In the next 3 months</timeframe><ownTheRoofSpace>Yes</ownTheRoofSpace><typeOfRoof>Tile</typeOfRoof><minimumTenSquareMetersNorthFacing>I\'m not sure - Please Help Me Out</minimumTenSquareMetersNorthFacing><roofSlope/><shade/><direction>Not Sure</direction><storeys>1</storeys><features>Hybrid System (Grid Connect with Batteries)</features><leadType>Residential</leadType><submittedDate>2018-03-08 22:55:12</submittedDate><companyName/><address>23 Abelia Ct Sunbury</address><installationAddressLineOne>23 Abelia Ct</installationAddressLineOne><installationAddressLineTwo/><installationSuburb>Sunbury</installationSuburb><installationState>VIC</installationState><installationPostcode>3429</installationPostcode><installationCountry>Australia</installationCountry><mailingAddressLineOne/><mailingAddressLineTwo/><mailingSuburb/><mailingState/><mailingPostcode/><mailingCountry/><homeVisit>No</homeVisit><quarterlyBill>Don\'t know</quarterlyBill><availableForConversation/><importantNotes>Amount of storage required: I don\'t knowRequired for: Both backup power and minimising grid usage</importantNotes><requestedQuotes>3</requestedQuotes></lead><lead><id>358024</id><idLeadSupplier>811455</idLeadSupplier><name>Davin</name><lastName>Hanna</lastName><phone>0401469226</phone><email>davinhanna@gmail.com</email><supplierId>11640</supplierId><claimed>No</claimed><size>2kW</size><systemPriceType>A good mix of quality and price</systemPriceType><timeframe>In the next 6 months</timeframe><ownTheRoofSpace>Yes</ownTheRoofSpace><typeOfRoof>Tin / Colourbond</typeOfRoof><minimumTenSquareMetersNorthFacing>I\'m not sure - Please Help Me Out</minimumTenSquareMetersNorthFacing><roofSlope/><shade/><direction>Not Sure</direction><storeys>1</storeys><features>On Grid Solar\nMicroinverters</features><leadType>Manual Residential</leadType><submittedDate>2018-03-08 14:15:26</submittedDate><companyName/><address>74 Field St N Ocean Grove</address><installationAddressLineOne>74 Field St N</installationAddressLineOne><installationAddressLineTwo/><installationSuburb>Ocean Grove</installationSuburb><installationState>VIC</installationState><installationPostcode>3226</installationPostcode><installationCountry>Australia</installationCountry><mailingAddressLineOne/><mailingAddressLineTwo/><mailingSuburb/><mailingState/><mailingPostcode/><mailingCountry/><homeVisit>No</homeVisit><quarterlyBill>Less than $500</quarterlyBill><availableForConversation/><importantNotes/><requestedQuotes>2</requestedQuotes></lead><claimLeads><claimLead><id>358239</id><leadType>Residential</leadType><size>5kW</size><features>On Grid Solar</features><timeframe>In the next 4 weeks</timeframe><systemPriceType>A good mix of quality and price</systemPriceType><homeVisit>No</homeVisit><preferedSize>No preference as long as they are great!</preferedSize><quarterlyBill>Less than $500</quarterlyBill><typeOfRoof>Tin / Colourbond</typeOfRoof><installationAddres>Portarlington, VIC</installationAddres><cost>36.00</cost><requestedQuotes>3</requestedQuotes><available>1</available><claimLink>https://www.solarquotes.com.au/leads/claim?i=7eHeDHcGzYspfxJtNnDmiHEL8f39lq8_a7a1DO9l1E00f3f76RCsQfoFkaNCwV6cKS6ITsfSsWNCdtyQXBfrDQ</claimLink><expire>222138</expire></claimLead></claimLeads></response>\n','2018-03-09 12:47:43','2018-03-09 12:47:43'),(3,'<?xml version=\"1.0\" encoding=\"UTF-8\"?>\n<response><lead><id>358111</id><idLeadSupplier>811561</idLeadSupplier><name>Ken</name><lastName>Goodman</lastName><phone>0412964925</phone><email>Ken.twiggylane@hotmail.com</email><supplierId>971</supplierId><claimed>No</claimed><size>5kW</size><systemPriceType>Top quality (most expensive)</systemPriceType><timeframe>In the next 3 months</timeframe><ownTheRoofSpace>Yes</ownTheRoofSpace><typeOfRoof>Tin / Colourbond</typeOfRoof><minimumTenSquareMetersNorthFacing>I\'m not sure - Please Help Me Out</minimumTenSquareMetersNorthFacing><roofSlope/><shade/><direction>Not Sure</direction><storeys>1</storeys><features>On Grid Solar</features><leadType>Residential</leadType><submittedDate>2018-03-08 18:50:33</submittedDate><companyName/><address>23 Mariners Retreat Mornington</address><installationAddressLineOne>23 Mariners Retreat</installationAddressLineOne><installationAddressLineTwo/><installationSuburb>Mornington</installationSuburb><installationState>VIC</installationState><installationPostcode>3931</installationPostcode><installationCountry>Australia</installationCountry><mailingAddressLineOne/><mailingAddressLineTwo/><mailingSuburb/><mailingState/><mailingPostcode/><mailingCountry/><homeVisit>No</homeVisit><quarterlyBill>Less than $500</quarterlyBill><availableForConversation/><importantNotes/><requestedQuotes>3</requestedQuotes></lead><lead><id>358095</id><idLeadSupplier>811526</idLeadSupplier><name>Bas</name><lastName>Van Meurs</lastName><phone>0418 361 581</phone><email>basv@adsdesign.com.au</email><supplierId>971</supplierId><claimed>No</claimed><size>More than 6kW</size><systemPriceType>Top quality (most expensive)</systemPriceType><timeframe>Immediately</timeframe><ownTheRoofSpace>Yes</ownTheRoofSpace><typeOfRoof>Tin / Colourbond</typeOfRoof><minimumTenSquareMetersNorthFacing>I\'m not sure - Please Help Me Out</minimumTenSquareMetersNorthFacing><roofSlope/><shade/><direction>Not Sure</direction><storeys>1</storeys><features>On Grid Solar\nMicroinverters</features><leadType>Residential</leadType><submittedDate>2018-03-08 16:45:10</submittedDate><companyName/><address>230A Cambridge Rd Kilsyth</address><installationAddressLineOne>230A Cambridge Rd</installationAddressLineOne><installationAddressLineTwo/><installationSuburb>Kilsyth</installationSuburb><installationState>VIC</installationState><installationPostcode>3137</installationPostcode><installationCountry>Australia</installationCountry><mailingAddressLineOne/><mailingAddressLineTwo/><mailingSuburb/><mailingState/><mailingPostcode/><mailingCountry/><homeVisit>No</homeVisit><quarterlyBill>$1000-$2000</quarterlyBill><availableForConversation/><importantNotes>We have 3 phase aircon/heating system?</importantNotes><requestedQuotes>3</requestedQuotes></lead><lead><id>358083</id><idLeadSupplier>811505</idLeadSupplier><name>Alec</name><lastName>Konynenburg</lastName><phone>0490796747</phone><email>alec.konynenburg@gmail.com</email><supplierId>971</supplierId><claimed>No</claimed><size>More than 6kW</size><systemPriceType>A good mix of quality and price</systemPriceType><timeframe>Immediately</timeframe><ownTheRoofSpace>Yes</ownTheRoofSpace><typeOfRoof>Tin / Colourbond</typeOfRoof><minimumTenSquareMetersNorthFacing>I\'m not sure - Please Help Me Out</minimumTenSquareMetersNorthFacing><roofSlope/><shade/><direction>Not Sure</direction><storeys>2</storeys><features>On Grid Solar</features><leadType>Residential</leadType><submittedDate>2018-03-08 15:45:40</submittedDate><companyName/><address>32 Mahoney St Templestowe</address><installationAddressLineOne>32 Mahoney St</installationAddressLineOne><installationAddressLineTwo/><installationSuburb>Templestowe</installationSuburb><installationState>VIC</installationState><installationPostcode>3106</installationPostcode><installationCountry>Australia</installationCountry><mailingAddressLineOne/><mailingAddressLineTwo/><mailingSuburb/><mailingState/><mailingPostcode/><mailingCountry/><homeVisit>Yes</homeVisit><quarterlyBill>over $2000</quarterlyBill><availableForConversation/><importantNotes>Would like the ability to add a battery or storage option later.</importantNotes><requestedQuotes>3</requestedQuotes></lead><lead><id>358057</id><idLeadSupplier>811438</idLeadSupplier><name>Tim</name><lastName>Patkin</lastName><phone>0438567784</phone><email>tim.patkin@gmail.com</email><supplierId>971</supplierId><claimed>No</claimed><size>6kW</size><systemPriceType>A good mix of quality and price</systemPriceType><timeframe>In the next 4 weeks</timeframe><ownTheRoofSpace>Yes</ownTheRoofSpace><typeOfRoof>Tin / Colourbond</typeOfRoof><minimumTenSquareMetersNorthFacing>I\'m not sure - Please Help Me Out</minimumTenSquareMetersNorthFacing><roofSlope/><shade/><direction>Not Sure</direction><storeys>1</storeys><features>On Grid Solar\nMicroinverters</features><leadType>Residential</leadType><submittedDate>2018-03-08 13:35:17</submittedDate><companyName/><address>22 Clarke St Balnarring</address><installationAddressLineOne>22 Clarke St</installationAddressLineOne><installationAddressLineTwo/><installationSuburb>Balnarring</installationSuburb><installationState>VIC</installationState><installationPostcode>3926</installationPostcode><installationCountry>Australia</installationCountry><mailingAddressLineOne/><mailingAddressLineTwo/><mailingSuburb/><mailingState/><mailingPostcode/><mailingCountry/><homeVisit>Yes</homeVisit><quarterlyBill>$500-$1000</quarterlyBill><availableForConversation/><importantNotes/><requestedQuotes>3</requestedQuotes></lead><lead><id>358052</id><idLeadSupplier>811401</idLeadSupplier><name>Daniel</name><lastName>Pascoe</lastName><phone>0433424226</phone><email>daniellukepascoe@gmail.com</email><supplierId>971</supplierId><claimed>No</claimed><size>Not Sure. Please help me decide</size><systemPriceType>A good mix of quality and price</systemPriceType><timeframe>Immediately</timeframe><ownTheRoofSpace>Yes</ownTheRoofSpace><typeOfRoof>Tile</typeOfRoof><minimumTenSquareMetersNorthFacing>I\'m not sure - Please Help Me Out</minimumTenSquareMetersNorthFacing><roofSlope/><shade/><direction>Not Sure</direction><storeys>1</storeys><features>On Grid Solar\nMicroinverters</features><leadType>Residential</leadType><submittedDate>2018-03-08 12:40:10</submittedDate><companyName/><address>19 Pleasant Rd Thomastown</address><installationAddressLineOne>19 Pleasant Rd</installationAddressLineOne><installationAddressLineTwo/><installationSuburb>Thomastown</installationSuburb><installationState>VIC</installationState><installationPostcode>3074</installationPostcode><installationCountry>Australia</installationCountry><mailingAddressLineOne/><mailingAddressLineTwo/><mailingSuburb/><mailingState/><mailingPostcode/><mailingCountry/><homeVisit>No</homeVisit><quarterlyBill>Less than $500</quarterlyBill><availableForConversation/><importantNotes/><requestedQuotes>3</requestedQuotes></lead><lead><id>357996</id><idLeadSupplier>811338</idLeadSupplier><name>Noel</name><lastName>Lodge</lastName><phone>03 9735 1252</phone><email>lodgemn@gmail.com</email><supplierId>971</supplierId><claimed>No</claimed><size>Not Sure. Please help me decide</size><systemPriceType>Top quality (most expensive)</systemPriceType><timeframe>In the next 3 months</timeframe><ownTheRoofSpace>Yes</ownTheRoofSpace><typeOfRoof>Tile</typeOfRoof><minimumTenSquareMetersNorthFacing>I\'m not sure - Please Help Me Out</minimumTenSquareMetersNorthFacing><roofSlope/><shade/><direction>Not Sure</direction><storeys>1</storeys><features>Hybrid System (Grid Connect with Batteries)</features><leadType>Residential</leadType><submittedDate>2018-03-08 10:36:27</submittedDate><companyName/><address>17 Deschamps Street,  Lilydale </address><installationAddressLineOne>17 Deschamps Street, </installationAddressLineOne><installationAddressLineTwo>(front house)</installationAddressLineTwo><installationSuburb>Lilydale </installationSuburb><installationState>VIC</installationState><installationPostcode>3140</installationPostcode><installationCountry>Australia</installationCountry><mailingAddressLineOne/><mailingAddressLineTwo/><mailingSuburb/><mailingState/><mailingPostcode/><mailingCountry/><homeVisit>Yes</homeVisit><quarterlyBill>Less than $500</quarterlyBill><availableForConversation/><importantNotes>We will be on holiday from 23rd March to 7th April.We are also interested in using a Reposit Power\'s Solar &amp; Battery controller.Amount of storage required: I don\'t knowRequired for: Backup Power</importantNotes><requestedQuotes>3</requestedQuotes></lead><lead><id>358030</id><idLeadSupplier>811304</idLeadSupplier><name>Ron</name><lastName>Carroll</lastName><phone>0417472965</phone><email>roncamog@hotmail.com</email><supplierId>971</supplierId><claimed>No</claimed><size>3kW</size><systemPriceType>A good mix of quality and price</systemPriceType><timeframe>In the next 4 weeks</timeframe><ownTheRoofSpace>Yes</ownTheRoofSpace><typeOfRoof>Tile</typeOfRoof><minimumTenSquareMetersNorthFacing>I\'m not sure - Please Help Me Out</minimumTenSquareMetersNorthFacing><roofSlope/><shade/><direction>Not Sure</direction><storeys>2</storeys><features>On Grid Solar</features><leadType>Residential</leadType><submittedDate>2018-03-08 10:15:40</submittedDate><companyName/><address>10 Cormorant Parade Pakenham</address><installationAddressLineOne>10 Cormorant Parade</installationAddressLineOne><installationAddressLineTwo/><installationSuburb>Pakenham</installationSuburb><installationState>VIC</installationState><installationPostcode>3810</installationPostcode><installationCountry>Australia</installationCountry><mailingAddressLineOne/><mailingAddressLineTwo/><mailingSuburb/><mailingState/><mailingPostcode/><mailingCountry/><homeVisit>No</homeVisit><quarterlyBill>Less than $500</quarterlyBill><availableForConversation/><importantNotes/><requestedQuotes>3</requestedQuotes></lead><lead><id>358140</id><idLeadSupplier>811636</idLeadSupplier><name>david</name><lastName>goodwin</lastName><phone>0408186628</phone><email>goodwin.sin@gmail.com</email><supplierId>11640</supplierId><claimed>No</claimed><size>Not Sure. Please help me decide</size><systemPriceType>A good mix of quality and price</systemPriceType><timeframe>In the next 3 months</timeframe><ownTheRoofSpace>Yes</ownTheRoofSpace><typeOfRoof>Tile</typeOfRoof><minimumTenSquareMetersNorthFacing>I\'m not sure - Please Help Me Out</minimumTenSquareMetersNorthFacing><roofSlope/><shade/><direction>Not Sure</direction><storeys>1</storeys><features>Hybrid System (Grid Connect with Batteries)</features><leadType>Residential</leadType><submittedDate>2018-03-08 22:55:12</submittedDate><companyName/><address>23 Abelia Ct Sunbury</address><installationAddressLineOne>23 Abelia Ct</installationAddressLineOne><installationAddressLineTwo/><installationSuburb>Sunbury</installationSuburb><installationState>VIC</installationState><installationPostcode>3429</installationPostcode><installationCountry>Australia</installationCountry><mailingAddressLineOne/><mailingAddressLineTwo/><mailingSuburb/><mailingState/><mailingPostcode/><mailingCountry/><homeVisit>No</homeVisit><quarterlyBill>Don\'t know</quarterlyBill><availableForConversation/><importantNotes>Amount of storage required: I don\'t knowRequired for: Both backup power and minimising grid usage</importantNotes><requestedQuotes>3</requestedQuotes></lead><lead><id>358024</id><idLeadSupplier>811455</idLeadSupplier><name>Davin</name><lastName>Hanna</lastName><phone>0401469226</phone><email>davinhanna@gmail.com</email><supplierId>11640</supplierId><claimed>No</claimed><size>2kW</size><systemPriceType>A good mix of quality and price</systemPriceType><timeframe>In the next 6 months</timeframe><ownTheRoofSpace>Yes</ownTheRoofSpace><typeOfRoof>Tin / Colourbond</typeOfRoof><minimumTenSquareMetersNorthFacing>I\'m not sure - Please Help Me Out</minimumTenSquareMetersNorthFacing><roofSlope/><shade/><direction>Not Sure</direction><storeys>1</storeys><features>On Grid Solar\nMicroinverters</features><leadType>Manual Residential</leadType><submittedDate>2018-03-08 14:15:26</submittedDate><companyName/><address>74 Field St N Ocean Grove</address><installationAddressLineOne>74 Field St N</installationAddressLineOne><installationAddressLineTwo/><installationSuburb>Ocean Grove</installationSuburb><installationState>VIC</installationState><installationPostcode>3226</installationPostcode><installationCountry>Australia</installationCountry><mailingAddressLineOne/><mailingAddressLineTwo/><mailingSuburb/><mailingState/><mailingPostcode/><mailingCountry/><homeVisit>No</homeVisit><quarterlyBill>Less than $500</quarterlyBill><availableForConversation/><importantNotes/><requestedQuotes>2</requestedQuotes></lead><claimLeads><claimLead><id>358239</id><leadType>Residential</leadType><size>5kW</size><features>On Grid Solar</features><timeframe>In the next 4 weeks</timeframe><systemPriceType>A good mix of quality and price</systemPriceType><homeVisit>No</homeVisit><preferedSize>No preference as long as they are great!</preferedSize><quarterlyBill>Less than $500</quarterlyBill><typeOfRoof>Tin / Colourbond</typeOfRoof><installationAddres>Portarlington, VIC</installationAddres><cost>36.00</cost><requestedQuotes>3</requestedQuotes><available>1</available><claimLink>https://www.solarquotes.com.au/leads/claim?i=7eHeDHcGzYspfxJtNnDmiHEL8f39lq8_a7a1DO9l1E00f3f76RCsQfoFkaNCwV6cKS6ITsfSsWNCdtyQXBfrDQ</claimLink><expire>222134</expire></claimLead></claimLeads></response>\n','2018-03-09 12:47:46','2018-03-09 12:47:46'),(4,'<?xml version=\"1.0\" encoding=\"UTF-8\"?>\n<response><lead><id>358111</id><idLeadSupplier>811561</idLeadSupplier><name>Ken</name><lastName>Goodman</lastName><phone>0412964925</phone><email>Ken.twiggylane@hotmail.com</email><supplierId>971</supplierId><claimed>No</claimed><size>5kW</size><systemPriceType>Top quality (most expensive)</systemPriceType><timeframe>In the next 3 months</timeframe><ownTheRoofSpace>Yes</ownTheRoofSpace><typeOfRoof>Tin / Colourbond</typeOfRoof><minimumTenSquareMetersNorthFacing>I\'m not sure - Please Help Me Out</minimumTenSquareMetersNorthFacing><roofSlope/><shade/><direction>Not Sure</direction><storeys>1</storeys><features>On Grid Solar</features><leadType>Residential</leadType><submittedDate>2018-03-08 18:50:33</submittedDate><companyName/><address>23 Mariners Retreat Mornington</address><installationAddressLineOne>23 Mariners Retreat</installationAddressLineOne><installationAddressLineTwo/><installationSuburb>Mornington</installationSuburb><installationState>VIC</installationState><installationPostcode>3931</installationPostcode><installationCountry>Australia</installationCountry><mailingAddressLineOne/><mailingAddressLineTwo/><mailingSuburb/><mailingState/><mailingPostcode/><mailingCountry/><homeVisit>No</homeVisit><quarterlyBill>Less than $500</quarterlyBill><availableForConversation/><importantNotes/><requestedQuotes>3</requestedQuotes></lead><lead><id>358095</id><idLeadSupplier>811526</idLeadSupplier><name>Bas</name><lastName>Van Meurs</lastName><phone>0418 361 581</phone><email>basv@adsdesign.com.au</email><supplierId>971</supplierId><claimed>No</claimed><size>More than 6kW</size><systemPriceType>Top quality (most expensive)</systemPriceType><timeframe>Immediately</timeframe><ownTheRoofSpace>Yes</ownTheRoofSpace><typeOfRoof>Tin / Colourbond</typeOfRoof><minimumTenSquareMetersNorthFacing>I\'m not sure - Please Help Me Out</minimumTenSquareMetersNorthFacing><roofSlope/><shade/><direction>Not Sure</direction><storeys>1</storeys><features>On Grid Solar\nMicroinverters</features><leadType>Residential</leadType><submittedDate>2018-03-08 16:45:10</submittedDate><companyName/><address>230A Cambridge Rd Kilsyth</address><installationAddressLineOne>230A Cambridge Rd</installationAddressLineOne><installationAddressLineTwo/><installationSuburb>Kilsyth</installationSuburb><installationState>VIC</installationState><installationPostcode>3137</installationPostcode><installationCountry>Australia</installationCountry><mailingAddressLineOne/><mailingAddressLineTwo/><mailingSuburb/><mailingState/><mailingPostcode/><mailingCountry/><homeVisit>No</homeVisit><quarterlyBill>$1000-$2000</quarterlyBill><availableForConversation/><importantNotes>We have 3 phase aircon/heating system?</importantNotes><requestedQuotes>3</requestedQuotes></lead><lead><id>358083</id><idLeadSupplier>811505</idLeadSupplier><name>Alec</name><lastName>Konynenburg</lastName><phone>0490796747</phone><email>alec.konynenburg@gmail.com</email><supplierId>971</supplierId><claimed>No</claimed><size>More than 6kW</size><systemPriceType>A good mix of quality and price</systemPriceType><timeframe>Immediately</timeframe><ownTheRoofSpace>Yes</ownTheRoofSpace><typeOfRoof>Tin / Colourbond</typeOfRoof><minimumTenSquareMetersNorthFacing>I\'m not sure - Please Help Me Out</minimumTenSquareMetersNorthFacing><roofSlope/><shade/><direction>Not Sure</direction><storeys>2</storeys><features>On Grid Solar</features><leadType>Residential</leadType><submittedDate>2018-03-08 15:45:40</submittedDate><companyName/><address>32 Mahoney St Templestowe</address><installationAddressLineOne>32 Mahoney St</installationAddressLineOne><installationAddressLineTwo/><installationSuburb>Templestowe</installationSuburb><installationState>VIC</installationState><installationPostcode>3106</installationPostcode><installationCountry>Australia</installationCountry><mailingAddressLineOne/><mailingAddressLineTwo/><mailingSuburb/><mailingState/><mailingPostcode/><mailingCountry/><homeVisit>Yes</homeVisit><quarterlyBill>over $2000</quarterlyBill><availableForConversation/><importantNotes>Would like the ability to add a battery or storage option later.</importantNotes><requestedQuotes>3</requestedQuotes></lead><lead><id>358057</id><idLeadSupplier>811438</idLeadSupplier><name>Tim</name><lastName>Patkin</lastName><phone>0438567784</phone><email>tim.patkin@gmail.com</email><supplierId>971</supplierId><claimed>No</claimed><size>6kW</size><systemPriceType>A good mix of quality and price</systemPriceType><timeframe>In the next 4 weeks</timeframe><ownTheRoofSpace>Yes</ownTheRoofSpace><typeOfRoof>Tin / Colourbond</typeOfRoof><minimumTenSquareMetersNorthFacing>I\'m not sure - Please Help Me Out</minimumTenSquareMetersNorthFacing><roofSlope/><shade/><direction>Not Sure</direction><storeys>1</storeys><features>On Grid Solar\nMicroinverters</features><leadType>Residential</leadType><submittedDate>2018-03-08 13:35:17</submittedDate><companyName/><address>22 Clarke St Balnarring</address><installationAddressLineOne>22 Clarke St</installationAddressLineOne><installationAddressLineTwo/><installationSuburb>Balnarring</installationSuburb><installationState>VIC</installationState><installationPostcode>3926</installationPostcode><installationCountry>Australia</installationCountry><mailingAddressLineOne/><mailingAddressLineTwo/><mailingSuburb/><mailingState/><mailingPostcode/><mailingCountry/><homeVisit>Yes</homeVisit><quarterlyBill>$500-$1000</quarterlyBill><availableForConversation/><importantNotes/><requestedQuotes>3</requestedQuotes></lead><lead><id>358052</id><idLeadSupplier>811401</idLeadSupplier><name>Daniel</name><lastName>Pascoe</lastName><phone>0433424226</phone><email>daniellukepascoe@gmail.com</email><supplierId>971</supplierId><claimed>No</claimed><size>Not Sure. Please help me decide</size><systemPriceType>A good mix of quality and price</systemPriceType><timeframe>Immediately</timeframe><ownTheRoofSpace>Yes</ownTheRoofSpace><typeOfRoof>Tile</typeOfRoof><minimumTenSquareMetersNorthFacing>I\'m not sure - Please Help Me Out</minimumTenSquareMetersNorthFacing><roofSlope/><shade/><direction>Not Sure</direction><storeys>1</storeys><features>On Grid Solar\nMicroinverters</features><leadType>Residential</leadType><submittedDate>2018-03-08 12:40:10</submittedDate><companyName/><address>19 Pleasant Rd Thomastown</address><installationAddressLineOne>19 Pleasant Rd</installationAddressLineOne><installationAddressLineTwo/><installationSuburb>Thomastown</installationSuburb><installationState>VIC</installationState><installationPostcode>3074</installationPostcode><installationCountry>Australia</installationCountry><mailingAddressLineOne/><mailingAddressLineTwo/><mailingSuburb/><mailingState/><mailingPostcode/><mailingCountry/><homeVisit>No</homeVisit><quarterlyBill>Less than $500</quarterlyBill><availableForConversation/><importantNotes/><requestedQuotes>3</requestedQuotes></lead><lead><id>357996</id><idLeadSupplier>811338</idLeadSupplier><name>Noel</name><lastName>Lodge</lastName><phone>03 9735 1252</phone><email>lodgemn@gmail.com</email><supplierId>971</supplierId><claimed>No</claimed><size>Not Sure. Please help me decide</size><systemPriceType>Top quality (most expensive)</systemPriceType><timeframe>In the next 3 months</timeframe><ownTheRoofSpace>Yes</ownTheRoofSpace><typeOfRoof>Tile</typeOfRoof><minimumTenSquareMetersNorthFacing>I\'m not sure - Please Help Me Out</minimumTenSquareMetersNorthFacing><roofSlope/><shade/><direction>Not Sure</direction><storeys>1</storeys><features>Hybrid System (Grid Connect with Batteries)</features><leadType>Residential</leadType><submittedDate>2018-03-08 10:36:27</submittedDate><companyName/><address>17 Deschamps Street,  Lilydale </address><installationAddressLineOne>17 Deschamps Street, </installationAddressLineOne><installationAddressLineTwo>(front house)</installationAddressLineTwo><installationSuburb>Lilydale </installationSuburb><installationState>VIC</installationState><installationPostcode>3140</installationPostcode><installationCountry>Australia</installationCountry><mailingAddressLineOne/><mailingAddressLineTwo/><mailingSuburb/><mailingState/><mailingPostcode/><mailingCountry/><homeVisit>Yes</homeVisit><quarterlyBill>Less than $500</quarterlyBill><availableForConversation/><importantNotes>We will be on holiday from 23rd March to 7th April.We are also interested in using a Reposit Power\'s Solar &amp; Battery controller.Amount of storage required: I don\'t knowRequired for: Backup Power</importantNotes><requestedQuotes>3</requestedQuotes></lead><lead><id>358030</id><idLeadSupplier>811304</idLeadSupplier><name>Ron</name><lastName>Carroll</lastName><phone>0417472965</phone><email>roncamog@hotmail.com</email><supplierId>971</supplierId><claimed>No</claimed><size>3kW</size><systemPriceType>A good mix of quality and price</systemPriceType><timeframe>In the next 4 weeks</timeframe><ownTheRoofSpace>Yes</ownTheRoofSpace><typeOfRoof>Tile</typeOfRoof><minimumTenSquareMetersNorthFacing>I\'m not sure - Please Help Me Out</minimumTenSquareMetersNorthFacing><roofSlope/><shade/><direction>Not Sure</direction><storeys>2</storeys><features>On Grid Solar</features><leadType>Residential</leadType><submittedDate>2018-03-08 10:15:40</submittedDate><companyName/><address>10 Cormorant Parade Pakenham</address><installationAddressLineOne>10 Cormorant Parade</installationAddressLineOne><installationAddressLineTwo/><installationSuburb>Pakenham</installationSuburb><installationState>VIC</installationState><installationPostcode>3810</installationPostcode><installationCountry>Australia</installationCountry><mailingAddressLineOne/><mailingAddressLineTwo/><mailingSuburb/><mailingState/><mailingPostcode/><mailingCountry/><homeVisit>No</homeVisit><quarterlyBill>Less than $500</quarterlyBill><availableForConversation/><importantNotes/><requestedQuotes>3</requestedQuotes></lead><lead><id>358140</id><idLeadSupplier>811636</idLeadSupplier><name>david</name><lastName>goodwin</lastName><phone>0408186628</phone><email>goodwin.sin@gmail.com</email><supplierId>11640</supplierId><claimed>No</claimed><size>Not Sure. Please help me decide</size><systemPriceType>A good mix of quality and price</systemPriceType><timeframe>In the next 3 months</timeframe><ownTheRoofSpace>Yes</ownTheRoofSpace><typeOfRoof>Tile</typeOfRoof><minimumTenSquareMetersNorthFacing>I\'m not sure - Please Help Me Out</minimumTenSquareMetersNorthFacing><roofSlope/><shade/><direction>Not Sure</direction><storeys>1</storeys><features>Hybrid System (Grid Connect with Batteries)</features><leadType>Residential</leadType><submittedDate>2018-03-08 22:55:12</submittedDate><companyName/><address>23 Abelia Ct Sunbury</address><installationAddressLineOne>23 Abelia Ct</installationAddressLineOne><installationAddressLineTwo/><installationSuburb>Sunbury</installationSuburb><installationState>VIC</installationState><installationPostcode>3429</installationPostcode><installationCountry>Australia</installationCountry><mailingAddressLineOne/><mailingAddressLineTwo/><mailingSuburb/><mailingState/><mailingPostcode/><mailingCountry/><homeVisit>No</homeVisit><quarterlyBill>Don\'t know</quarterlyBill><availableForConversation/><importantNotes>Amount of storage required: I don\'t knowRequired for: Both backup power and minimising grid usage</importantNotes><requestedQuotes>3</requestedQuotes></lead><lead><id>358024</id><idLeadSupplier>811455</idLeadSupplier><name>Davin</name><lastName>Hanna</lastName><phone>0401469226</phone><email>davinhanna@gmail.com</email><supplierId>11640</supplierId><claimed>No</claimed><size>2kW</size><systemPriceType>A good mix of quality and price</systemPriceType><timeframe>In the next 6 months</timeframe><ownTheRoofSpace>Yes</ownTheRoofSpace><typeOfRoof>Tin / Colourbond</typeOfRoof><minimumTenSquareMetersNorthFacing>I\'m not sure - Please Help Me Out</minimumTenSquareMetersNorthFacing><roofSlope/><shade/><direction>Not Sure</direction><storeys>1</storeys><features>On Grid Solar\nMicroinverters</features><leadType>Manual Residential</leadType><submittedDate>2018-03-08 14:15:26</submittedDate><companyName/><address>74 Field St N Ocean Grove</address><installationAddressLineOne>74 Field St N</installationAddressLineOne><installationAddressLineTwo/><installationSuburb>Ocean Grove</installationSuburb><installationState>VIC</installationState><installationPostcode>3226</installationPostcode><installationCountry>Australia</installationCountry><mailingAddressLineOne/><mailingAddressLineTwo/><mailingSuburb/><mailingState/><mailingPostcode/><mailingCountry/><homeVisit>No</homeVisit><quarterlyBill>Less than $500</quarterlyBill><availableForConversation/><importantNotes/><requestedQuotes>2</requestedQuotes></lead><claimLeads><claimLead><id>358239</id><leadType>Residential</leadType><size>5kW</size><features>On Grid Solar</features><timeframe>In the next 4 weeks</timeframe><systemPriceType>A good mix of quality and price</systemPriceType><homeVisit>No</homeVisit><preferedSize>No preference as long as they are great!</preferedSize><quarterlyBill>Less than $500</quarterlyBill><typeOfRoof>Tin / Colourbond</typeOfRoof><installationAddres>Portarlington, VIC</installationAddres><cost>36.00</cost><requestedQuotes>3</requestedQuotes><available>1</available><claimLink>https://www.solarquotes.com.au/leads/claim?i=7eHeDHcGzYspfxJtNnDmiHEL8f39lq8_a7a1DO9l1E00f3f76RCsQfoFkaNCwV6cKS6ITsfSsWNCdtyQXBfrDQ</claimLink><expire>222114</expire></claimLead></claimLeads></response>\n','2018-03-09 12:48:06','2018-03-09 12:48:06'),(5,'<?xml version=\"1.0\" encoding=\"UTF-8\"?>\n<response><lead><id>358557</id><idLeadSupplier>812626</idLeadSupplier><name>Ken</name><lastName>Allardice</lastName><phone>0418340318</phone><email>kenallardice@gmail.com</email><supplierId>971</supplierId><claimed>No</claimed><size>5kW</size><systemPriceType>A good mix of quality and price</systemPriceType><timeframe>In the next 4 weeks</timeframe><ownTheRoofSpace>Yes</ownTheRoofSpace><typeOfRoof>Tile</typeOfRoof><minimumTenSquareMetersNorthFacing>I\'m not sure - Please Help Me Out</minimumTenSquareMetersNorthFacing><roofSlope/><shade/><direction>Not Sure</direction><storeys>2</storeys><features>On Grid Solar</features><leadType>Residential</leadType><submittedDate>2018-03-12 16:45:13</submittedDate><companyName/><address>126 Gould St Frankston</address><installationAddressLineOne>126 Gould St</installationAddressLineOne><installationAddressLineTwo/><installationSuburb>Frankston</installationSuburb><installationState>VIC</installationState><installationPostcode>3199</installationPostcode><installationCountry>Australia</installationCountry><mailingAddressLineOne/><mailingAddressLineTwo/><mailingSuburb/><mailingState/><mailingPostcode/><mailingCountry/><homeVisit>No</homeVisit><quarterlyBill>Less than $500</quarterlyBill><availableForConversation/><importantNotes/><requestedQuotes>3</requestedQuotes></lead><lead><id>358556</id><idLeadSupplier>812623</idLeadSupplier><name>SIlvina</name><lastName>Phan</lastName><phone>0402056009</phone><email>silvinaphan@hotmail.com</email><supplierId>971</supplierId><claimed>No</claimed><size>Not Sure. Please help me decide</size><systemPriceType>A good mix of quality and price</systemPriceType><timeframe>Immediately</timeframe><ownTheRoofSpace>Yes</ownTheRoofSpace><typeOfRoof>Tile</typeOfRoof><minimumTenSquareMetersNorthFacing>I\'m not sure - Please Help Me Out</minimumTenSquareMetersNorthFacing><roofSlope/><shade/><direction>Not Sure</direction><storeys>1</storeys><features>On Grid Solar</features><leadType>Residential</leadType><submittedDate>2018-03-12 16:25:08</submittedDate><companyName/><address>44 Richard St Springvale South</address><installationAddressLineOne>44 Richard St</installationAddressLineOne><installationAddressLineTwo/><installationSuburb>Springvale South</installationSuburb><installationState>VIC</installationState><installationPostcode>3172</installationPostcode><installationCountry>Australia</installationCountry><mailingAddressLineOne/><mailingAddressLineTwo/><mailingSuburb/><mailingState/><mailingPostcode/><mailingCountry/><homeVisit>No</homeVisit><quarterlyBill>Less than $500</quarterlyBill><availableForConversation/><importantNotes>I have had a quote for a 3 kw system from Energy Matters. I\'d like to be able to compare with other quotes.</importantNotes><requestedQuotes>3</requestedQuotes></lead><lead><id>358281</id><idLeadSupplier>812577</idLeadSupplier><name>William</name><lastName>Davis</lastName><phone>0427598016</phone><email>wcdavis43@gmail.com</email><supplierId>971</supplierId><claimed>No</claimed><size>4kW</size><systemPriceType>A good mix of quality and price</systemPriceType><timeframe>In the next 3 months</timeframe><ownTheRoofSpace>Yes</ownTheRoofSpace><typeOfRoof>Tin / Colourbond</typeOfRoof><minimumTenSquareMetersNorthFacing>I\'m not sure - Please Help Me Out</minimumTenSquareMetersNorthFacing><roofSlope/><shade/><direction>Not Sure</direction><storeys>1</storeys><features>On Grid Solar\nMicroinverters</features><leadType>Manual Residential</leadType><submittedDate>2018-03-12 13:55:17</submittedDate><companyName/><address>2 Angus St Morwell</address><installationAddressLineOne>2 Angus St</installationAddressLineOne><installationAddressLineTwo/><installationSuburb>Morwell</installationSuburb><installationState>VIC</installationState><installationPostcode>3840</installationPostcode><installationCountry>Australia</installationCountry><mailingAddressLineOne/><mailingAddressLineTwo/><mailingSuburb/><mailingState/><mailingPostcode/><mailingCountry/><homeVisit>No</homeVisit><quarterlyBill>Less than $500</quarterlyBill><availableForConversation/><importantNotes>This customer has indicated that they are looking to arrange their own finance independently.</importantNotes><requestedQuotes>3</requestedQuotes></lead><lead><id>358534</id><idLeadSupplier>812573</idLeadSupplier><name>Glenys</name><lastName>Woods</lastName><phone>0408 345 190</phone><email>glenysjw@bigpond.com</email><supplierId>971</supplierId><claimed>No</claimed><size>Not Sure. Please help me decide</size><systemPriceType>A good mix of quality and price</systemPriceType><timeframe>In the next 3 months</timeframe><ownTheRoofSpace>Yes</ownTheRoofSpace><typeOfRoof>Tile</typeOfRoof><minimumTenSquareMetersNorthFacing>I\'m not sure - Please Help Me Out</minimumTenSquareMetersNorthFacing><roofSlope/><shade/><direction>Not Sure</direction><storeys>1</storeys><features>On Grid Solar</features><leadType>Residential</leadType><submittedDate>2018-03-12 13:50:20</submittedDate><companyName/><address>6 Lunan Pl Frankston South</address><installationAddressLineOne>6 Lunan Pl</installationAddressLineOne><installationAddressLineTwo/><installationSuburb>Frankston South</installationSuburb><installationState>VIC</installationState><installationPostcode>3199</installationPostcode><installationCountry>Australia</installationCountry><mailingAddressLineOne/><mailingAddressLineTwo/><mailingSuburb/><mailingState/><mailingPostcode/><mailingCountry/><homeVisit>Yes</homeVisit><quarterlyBill>Less than $500</quarterlyBill><availableForConversation/><importantNotes/><requestedQuotes>3</requestedQuotes></lead><lead><id>358528</id><idLeadSupplier>812558</idLeadSupplier><name>Chacko</name><lastName>James</lastName><phone>0421999561</phone><email>kappalumakal@hotmail.com</email><supplierId>971</supplierId><claimed>No</claimed><size>Not Sure. Please help me decide</size><systemPriceType>A good mix of quality and price</systemPriceType><timeframe>In the next 4 weeks</timeframe><ownTheRoofSpace>Yes</ownTheRoofSpace><typeOfRoof>Tin / Colourbond</typeOfRoof><minimumTenSquareMetersNorthFacing>I\'m not sure - Please Help Me Out</minimumTenSquareMetersNorthFacing><roofSlope/><shade/><direction>Not Sure</direction><storeys>2</storeys><features>A home currently under construction\nOn Grid Solar</features><leadType>Residential</leadType><submittedDate>2018-03-12 13:06:47</submittedDate><companyName/><address>70 McLeod Rd Carrum</address><installationAddressLineOne>70 McLeod Rd</installationAddressLineOne><installationAddressLineTwo/><installationSuburb>Carrum</installationSuburb><installationState>VIC</installationState><installationPostcode>3197</installationPostcode><installationCountry>Australia</installationCountry><mailingAddressLineOne/><mailingAddressLineTwo/><mailingSuburb/><mailingState/><mailingPostcode/><mailingCountry/><homeVisit>No</homeVisit><quarterlyBill>$500-$1000</quarterlyBill><availableForConversation/><importantNotes>Tell me the price for a4kw system</importantNotes><requestedQuotes>3</requestedQuotes></lead><lead><id>358502</id><idLeadSupplier>812436</idLeadSupplier><name>olivia</name><lastName>partsch</lastName><phone>0401024683</phone><email>olihana@hotmail.com</email><supplierId>971</supplierId><claimed>No</claimed><size>Not Sure. Please help me decide</size><systemPriceType>A good mix of quality and price</systemPriceType><timeframe>Immediately</timeframe><ownTheRoofSpace>Yes</ownTheRoofSpace><typeOfRoof>Other</typeOfRoof><minimumTenSquareMetersNorthFacing>I\'m not sure - Please Help Me Out</minimumTenSquareMetersNorthFacing><roofSlope/><shade/><direction>Not Sure</direction><storeys>1</storeys><features>On Grid Solar\nFinance / Payment Plan</features><leadType>Residential</leadType><submittedDate>2018-03-12 10:05:26</submittedDate><companyName/><address>6 Thompson Ct Endeavour Hills</address><installationAddressLineOne>6 Thompson Ct</installationAddressLineOne><installationAddressLineTwo/><installationSuburb>Endeavour Hills</installationSuburb><installationState>VIC</installationState><installationPostcode>3802</installationPostcode><installationCountry>Australia</installationCountry><mailingAddressLineOne/><mailingAddressLineTwo/><mailingSuburb/><mailingState/><mailingPostcode/><mailingCountry/><homeVisit>No</homeVisit><quarterlyBill/><availableForConversation/><importantNotes>comparison of different solar systems and inverters</importantNotes><requestedQuotes>3</requestedQuotes></lead><lead><id>358486</id><idLeadSupplier>812417</idLeadSupplier><name>Michaeli</name><lastName>Lyon</lastName><phone>0409135676</phone><email>baymr001@tpg.com.au</email><supplierId>971</supplierId><claimed>No</claimed><size>Not Sure. Please help me decide</size><systemPriceType>A good mix of quality and price</systemPriceType><timeframe>In the next 3 months</timeframe><ownTheRoofSpace>Yes</ownTheRoofSpace><typeOfRoof>Tin / Colourbond</typeOfRoof><minimumTenSquareMetersNorthFacing>I\'m not sure - Please Help Me Out</minimumTenSquareMetersNorthFacing><roofSlope/><shade/><direction>Not Sure</direction><storeys>1</storeys><features>On Grid Solar</features><leadType>Residential</leadType><submittedDate>2018-03-12 08:20:08</submittedDate><companyName/><address>1 Farnham Pl Mornington</address><installationAddressLineOne>1 Farnham Pl</installationAddressLineOne><installationAddressLineTwo/><installationSuburb>Mornington</installationSuburb><installationState>VIC</installationState><installationPostcode>3931</installationPostcode><installationCountry>Australia</installationCountry><mailingAddressLineOne/><mailingAddressLineTwo/><mailingSuburb/><mailingState/><mailingPostcode/><mailingCountry/><homeVisit>Yes</homeVisit><quarterlyBill>$1000-$2000</quarterlyBill><availableForConversation/><importantNotes/><requestedQuotes>3</requestedQuotes></lead><lead><id>358476</id><idLeadSupplier>812395</idLeadSupplier><name>Dilip</name><lastName>Kotecha</lastName><phone>0417141368</phone><email>dilipandmala@hotmail.com</email><supplierId>971</supplierId><claimed>No</claimed><size>More than 6kW</size><systemPriceType>Top quality (most expensive)</systemPriceType><timeframe>In the next 4 weeks</timeframe><ownTheRoofSpace>Yes</ownTheRoofSpace><typeOfRoof>Tin / Colourbond</typeOfRoof><minimumTenSquareMetersNorthFacing>I\'m not sure - Please Help Me Out</minimumTenSquareMetersNorthFacing><roofSlope/><shade/><direction>Not Sure</direction><storeys>2</storeys><features>A home currently under construction\nBattery Ready\nMicroinverters</features><leadType>Residential</leadType><submittedDate>2018-03-12 00:25:25</submittedDate><companyName/><address>10 Belmont Ave Deepdene</address><installationAddressLineOne>10 Belmont Ave</installationAddressLineOne><installationAddressLineTwo/><installationSuburb>Deepdene</installationSuburb><installationState>VIC</installationState><installationPostcode>3103</installationPostcode><installationCountry>Australia</installationCountry><mailingAddressLineOne/><mailingAddressLineTwo/><mailingSuburb/><mailingState/><mailingPostcode/><mailingCountry/><homeVisit>No</homeVisit><quarterlyBill>$500-$1000</quarterlyBill><availableForConversation/><importantNotes>Looking for 25kW system to put on a house under construction. Will install back up batteries 6 months after moving in when have monthly consumption rate and battery technology is better. Estimate daily use including the pool to be around 100kWh.Battery ready system required.</importantNotes><requestedQuotes>3</requestedQuotes></lead><lead><id>358553</id><idLeadSupplier>812622</idLeadSupplier><name>Ana</name><lastName>Amorim</lastName><phone>0432553993</phone><email>fixeana@hotmail.com</email><supplierId>11640</supplierId><claimed>No</claimed><size>Not Sure. Please help me decide</size><systemPriceType>A good mix of quality and price</systemPriceType><timeframe>In the next 3 months</timeframe><ownTheRoofSpace>Yes</ownTheRoofSpace><typeOfRoof>Tile</typeOfRoof><minimumTenSquareMetersNorthFacing>I\'m not sure - Please Help Me Out</minimumTenSquareMetersNorthFacing><roofSlope/><shade/><direction>Not Sure</direction><storeys>1</storeys><features>A home currently under construction\nHybrid System (Grid Connect with Batteries)</features><leadType>Residential</leadType><submittedDate>2018-03-12 15:55:53</submittedDate><companyName/><address>28 Foch St Reservoir</address><installationAddressLineOne>28 Foch St</installationAddressLineOne><installationAddressLineTwo/><installationSuburb>Reservoir</installationSuburb><installationState>VIC</installationState><installationPostcode>3073</installationPostcode><installationCountry>Australia</installationCountry><mailingAddressLineOne/><mailingAddressLineTwo/><mailingSuburb/><mailingState/><mailingPostcode/><mailingCountry/><homeVisit>No</homeVisit><quarterlyBill>$500-$1000</quarterlyBill><availableForConversation/><importantNotes>Amount of storage required: I don\'t knowRequired for: Both backup power and minimising grid usage</importantNotes><requestedQuotes>3</requestedQuotes></lead><lead><id>358531</id><idLeadSupplier>812565</idLeadSupplier><name>Peter</name><lastName>Bristow</lastName><phone>0438364118</phone><email>peterb@blslaser.com</email><supplierId>11640</supplierId><claimed>No</claimed><size>5kW</size><systemPriceType>A good mix of quality and price</systemPriceType><timeframe>Immediately</timeframe><ownTheRoofSpace>Yes</ownTheRoofSpace><typeOfRoof>Tile</typeOfRoof><minimumTenSquareMetersNorthFacing>I\'m not sure - Please Help Me Out</minimumTenSquareMetersNorthFacing><roofSlope/><shade/><direction>Not Sure</direction><storeys>1</storeys><features>On Grid Solar</features><leadType>Residential</leadType><submittedDate>2018-03-12 13:25:33</submittedDate><companyName/><address>29 Anne St Diamond Creek</address><installationAddressLineOne>29 Anne St</installationAddressLineOne><installationAddressLineTwo/><installationSuburb>Diamond Creek</installationSuburb><installationState>VIC</installationState><installationPostcode>3089</installationPostcode><installationCountry>Australia</installationCountry><mailingAddressLineOne/><mailingAddressLineTwo/><mailingSuburb/><mailingState/><mailingPostcode/><mailingCountry/><homeVisit>No</homeVisit><quarterlyBill>$500-$1000</quarterlyBill><availableForConversation/><importantNotes/><requestedQuotes>3</requestedQuotes></lead><lead><id>358494</id><idLeadSupplier>812497</idLeadSupplier><name>Thomas</name><lastName>G</lastName><phone>0417355692</phone><email>tom_g1987@hotmail.com</email><supplierId>11640</supplierId><claimed>No</claimed><size>Not Sure. Please help me decide</size><systemPriceType>A good mix of quality and price</systemPriceType><timeframe>Immediately</timeframe><ownTheRoofSpace>Yes</ownTheRoofSpace><typeOfRoof>Slate</typeOfRoof><minimumTenSquareMetersNorthFacing>I\'m not sure - Please Help Me Out</minimumTenSquareMetersNorthFacing><roofSlope/><shade/><direction>Not Sure</direction><storeys>2</storeys><features>On Grid Solar</features><leadType>Residential</leadType><submittedDate>2018-03-12 11:45:08</submittedDate><companyName/><address>26 Barina Rd Glenroy</address><installationAddressLineOne>26 Barina Rd</installationAddressLineOne><installationAddressLineTwo/><installationSuburb>Glenroy</installationSuburb><installationState>VIC</installationState><installationPostcode>3046</installationPostcode><installationCountry>Australia</installationCountry><mailingAddressLineOne/><mailingAddressLineTwo/><mailingSuburb/><mailingState/><mailingPostcode/><mailingCountry/><homeVisit>No</homeVisit><quarterlyBill>Don\'t know</quarterlyBill><availableForConversation/><importantNotes>This customer has indicated that they are looking to arrange their own finance independently.</importantNotes><requestedQuotes>3</requestedQuotes></lead><lead><id>358506</id><idLeadSupplier>812443</idLeadSupplier><name>ALAN</name><lastName>ROBSON</lastName><phone>0408481600</phone><email>la.robson@yahoo.com.au</email><supplierId>11640</supplierId><claimed>No</claimed><size>2kW</size><systemPriceType>A good mix of quality and price</systemPriceType><timeframe>In the next 3 months</timeframe><ownTheRoofSpace>Yes</ownTheRoofSpace><typeOfRoof>Tin / Colourbond</typeOfRoof><minimumTenSquareMetersNorthFacing>I\'m not sure - Please Help Me Out</minimumTenSquareMetersNorthFacing><roofSlope/><shade/><direction>Not Sure</direction><storeys>1</storeys><features>On Grid Solar</features><leadType>Residential</leadType><submittedDate>2018-03-12 10:45:09</submittedDate><companyName/><address>13 Chapel St Whittington</address><installationAddressLineOne>13 Chapel St</installationAddressLineOne><installationAddressLineTwo/><installationSuburb>Whittington</installationSuburb><installationState>VIC</installationState><installationPostcode>3219</installationPostcode><installationCountry>Australia</installationCountry><mailingAddressLineOne/><mailingAddressLineTwo/><mailingSuburb/><mailingState/><mailingPostcode/><mailingCountry/><homeVisit>No</homeVisit><quarterlyBill>Less than $500</quarterlyBill><availableForConversation/><importantNotes>The panels will have to face west</importantNotes><requestedQuotes>3</requestedQuotes></lead><claimLeads><claimLead/></claimLeads></response>\n','2018-03-13 05:19:31','2018-03-13 05:19:31'),(6,'<?xml version=\"1.0\" encoding=\"UTF-8\"?>\n<response><lead><id>358557</id><idLeadSupplier>812626</idLeadSupplier><name>Ken</name><lastName>Allardice</lastName><phone>0418340318</phone><email>kenallardice@gmail.com</email><supplierId>971</supplierId><claimed>No</claimed><size>5kW</size><systemPriceType>A good mix of quality and price</systemPriceType><timeframe>In the next 4 weeks</timeframe><ownTheRoofSpace>Yes</ownTheRoofSpace><typeOfRoof>Tile</typeOfRoof><minimumTenSquareMetersNorthFacing>I\'m not sure - Please Help Me Out</minimumTenSquareMetersNorthFacing><roofSlope/><shade/><direction>Not Sure</direction><storeys>2</storeys><features>On Grid Solar</features><leadType>Residential</leadType><submittedDate>2018-03-12 16:45:13</submittedDate><companyName/><address>126 Gould St Frankston</address><installationAddressLineOne>126 Gould St</installationAddressLineOne><installationAddressLineTwo/><installationSuburb>Frankston</installationSuburb><installationState>VIC</installationState><installationPostcode>3199</installationPostcode><installationCountry>Australia</installationCountry><mailingAddressLineOne/><mailingAddressLineTwo/><mailingSuburb/><mailingState/><mailingPostcode/><mailingCountry/><homeVisit>No</homeVisit><quarterlyBill>Less than $500</quarterlyBill><availableForConversation/><importantNotes/><requestedQuotes>3</requestedQuotes></lead><lead><id>358556</id><idLeadSupplier>812623</idLeadSupplier><name>SIlvina</name><lastName>Phan</lastName><phone>0402056009</phone><email>silvinaphan@hotmail.com</email><supplierId>971</supplierId><claimed>No</claimed><size>Not Sure. Please help me decide</size><systemPriceType>A good mix of quality and price</systemPriceType><timeframe>Immediately</timeframe><ownTheRoofSpace>Yes</ownTheRoofSpace><typeOfRoof>Tile</typeOfRoof><minimumTenSquareMetersNorthFacing>I\'m not sure - Please Help Me Out</minimumTenSquareMetersNorthFacing><roofSlope/><shade/><direction>Not Sure</direction><storeys>1</storeys><features>On Grid Solar</features><leadType>Residential</leadType><submittedDate>2018-03-12 16:25:08</submittedDate><companyName/><address>44 Richard St Springvale South</address><installationAddressLineOne>44 Richard St</installationAddressLineOne><installationAddressLineTwo/><installationSuburb>Springvale South</installationSuburb><installationState>VIC</installationState><installationPostcode>3172</installationPostcode><installationCountry>Australia</installationCountry><mailingAddressLineOne/><mailingAddressLineTwo/><mailingSuburb/><mailingState/><mailingPostcode/><mailingCountry/><homeVisit>No</homeVisit><quarterlyBill>Less than $500</quarterlyBill><availableForConversation/><importantNotes>I have had a quote for a 3 kw system from Energy Matters. I\'d like to be able to compare with other quotes.</importantNotes><requestedQuotes>3</requestedQuotes></lead><lead><id>358281</id><idLeadSupplier>812577</idLeadSupplier><name>William</name><lastName>Davis</lastName><phone>0427598016</phone><email>wcdavis43@gmail.com</email><supplierId>971</supplierId><claimed>No</claimed><size>4kW</size><systemPriceType>A good mix of quality and price</systemPriceType><timeframe>In the next 3 months</timeframe><ownTheRoofSpace>Yes</ownTheRoofSpace><typeOfRoof>Tin / Colourbond</typeOfRoof><minimumTenSquareMetersNorthFacing>I\'m not sure - Please Help Me Out</minimumTenSquareMetersNorthFacing><roofSlope/><shade/><direction>Not Sure</direction><storeys>1</storeys><features>On Grid Solar\nMicroinverters</features><leadType>Manual Residential</leadType><submittedDate>2018-03-12 13:55:17</submittedDate><companyName/><address>2 Angus St Morwell</address><installationAddressLineOne>2 Angus St</installationAddressLineOne><installationAddressLineTwo/><installationSuburb>Morwell</installationSuburb><installationState>VIC</installationState><installationPostcode>3840</installationPostcode><installationCountry>Australia</installationCountry><mailingAddressLineOne/><mailingAddressLineTwo/><mailingSuburb/><mailingState/><mailingPostcode/><mailingCountry/><homeVisit>No</homeVisit><quarterlyBill>Less than $500</quarterlyBill><availableForConversation/><importantNotes>This customer has indicated that they are looking to arrange their own finance independently.</importantNotes><requestedQuotes>3</requestedQuotes></lead><lead><id>358534</id><idLeadSupplier>812573</idLeadSupplier><name>Glenys</name><lastName>Woods</lastName><phone>0408 345 190</phone><email>glenysjw@bigpond.com</email><supplierId>971</supplierId><claimed>No</claimed><size>Not Sure. Please help me decide</size><systemPriceType>A good mix of quality and price</systemPriceType><timeframe>In the next 3 months</timeframe><ownTheRoofSpace>Yes</ownTheRoofSpace><typeOfRoof>Tile</typeOfRoof><minimumTenSquareMetersNorthFacing>I\'m not sure - Please Help Me Out</minimumTenSquareMetersNorthFacing><roofSlope/><shade/><direction>Not Sure</direction><storeys>1</storeys><features>On Grid Solar</features><leadType>Residential</leadType><submittedDate>2018-03-12 13:50:20</submittedDate><companyName/><address>6 Lunan Pl Frankston South</address><installationAddressLineOne>6 Lunan Pl</installationAddressLineOne><installationAddressLineTwo/><installationSuburb>Frankston South</installationSuburb><installationState>VIC</installationState><installationPostcode>3199</installationPostcode><installationCountry>Australia</installationCountry><mailingAddressLineOne/><mailingAddressLineTwo/><mailingSuburb/><mailingState/><mailingPostcode/><mailingCountry/><homeVisit>Yes</homeVisit><quarterlyBill>Less than $500</quarterlyBill><availableForConversation/><importantNotes/><requestedQuotes>3</requestedQuotes></lead><lead><id>358528</id><idLeadSupplier>812558</idLeadSupplier><name>Chacko</name><lastName>James</lastName><phone>0421999561</phone><email>kappalumakal@hotmail.com</email><supplierId>971</supplierId><claimed>No</claimed><size>Not Sure. Please help me decide</size><systemPriceType>A good mix of quality and price</systemPriceType><timeframe>In the next 4 weeks</timeframe><ownTheRoofSpace>Yes</ownTheRoofSpace><typeOfRoof>Tin / Colourbond</typeOfRoof><minimumTenSquareMetersNorthFacing>I\'m not sure - Please Help Me Out</minimumTenSquareMetersNorthFacing><roofSlope/><shade/><direction>Not Sure</direction><storeys>2</storeys><features>A home currently under construction\nOn Grid Solar</features><leadType>Residential</leadType><submittedDate>2018-03-12 13:06:47</submittedDate><companyName/><address>70 McLeod Rd Carrum</address><installationAddressLineOne>70 McLeod Rd</installationAddressLineOne><installationAddressLineTwo/><installationSuburb>Carrum</installationSuburb><installationState>VIC</installationState><installationPostcode>3197</installationPostcode><installationCountry>Australia</installationCountry><mailingAddressLineOne/><mailingAddressLineTwo/><mailingSuburb/><mailingState/><mailingPostcode/><mailingCountry/><homeVisit>No</homeVisit><quarterlyBill>$500-$1000</quarterlyBill><availableForConversation/><importantNotes>Tell me the price for a4kw system</importantNotes><requestedQuotes>3</requestedQuotes></lead><lead><id>358502</id><idLeadSupplier>812436</idLeadSupplier><name>olivia</name><lastName>partsch</lastName><phone>0401024683</phone><email>olihana@hotmail.com</email><supplierId>971</supplierId><claimed>No</claimed><size>Not Sure. Please help me decide</size><systemPriceType>A good mix of quality and price</systemPriceType><timeframe>Immediately</timeframe><ownTheRoofSpace>Yes</ownTheRoofSpace><typeOfRoof>Other</typeOfRoof><minimumTenSquareMetersNorthFacing>I\'m not sure - Please Help Me Out</minimumTenSquareMetersNorthFacing><roofSlope/><shade/><direction>Not Sure</direction><storeys>1</storeys><features>On Grid Solar\nFinance / Payment Plan</features><leadType>Residential</leadType><submittedDate>2018-03-12 10:05:26</submittedDate><companyName/><address>6 Thompson Ct Endeavour Hills</address><installationAddressLineOne>6 Thompson Ct</installationAddressLineOne><installationAddressLineTwo/><installationSuburb>Endeavour Hills</installationSuburb><installationState>VIC</installationState><installationPostcode>3802</installationPostcode><installationCountry>Australia</installationCountry><mailingAddressLineOne/><mailingAddressLineTwo/><mailingSuburb/><mailingState/><mailingPostcode/><mailingCountry/><homeVisit>No</homeVisit><quarterlyBill/><availableForConversation/><importantNotes>comparison of different solar systems and inverters</importantNotes><requestedQuotes>3</requestedQuotes></lead><lead><id>358486</id><idLeadSupplier>812417</idLeadSupplier><name>Michaeli</name><lastName>Lyon</lastName><phone>0409135676</phone><email>baymr001@tpg.com.au</email><supplierId>971</supplierId><claimed>No</claimed><size>Not Sure. Please help me decide</size><systemPriceType>A good mix of quality and price</systemPriceType><timeframe>In the next 3 months</timeframe><ownTheRoofSpace>Yes</ownTheRoofSpace><typeOfRoof>Tin / Colourbond</typeOfRoof><minimumTenSquareMetersNorthFacing>I\'m not sure - Please Help Me Out</minimumTenSquareMetersNorthFacing><roofSlope/><shade/><direction>Not Sure</direction><storeys>1</storeys><features>On Grid Solar</features><leadType>Residential</leadType><submittedDate>2018-03-12 08:20:08</submittedDate><companyName/><address>1 Farnham Pl Mornington</address><installationAddressLineOne>1 Farnham Pl</installationAddressLineOne><installationAddressLineTwo/><installationSuburb>Mornington</installationSuburb><installationState>VIC</installationState><installationPostcode>3931</installationPostcode><installationCountry>Australia</installationCountry><mailingAddressLineOne/><mailingAddressLineTwo/><mailingSuburb/><mailingState/><mailingPostcode/><mailingCountry/><homeVisit>Yes</homeVisit><quarterlyBill>$1000-$2000</quarterlyBill><availableForConversation/><importantNotes/><requestedQuotes>3</requestedQuotes></lead><lead><id>358476</id><idLeadSupplier>812395</idLeadSupplier><name>Dilip</name><lastName>Kotecha</lastName><phone>0417141368</phone><email>dilipandmala@hotmail.com</email><supplierId>971</supplierId><claimed>No</claimed><size>More than 6kW</size><systemPriceType>Top quality (most expensive)</systemPriceType><timeframe>In the next 4 weeks</timeframe><ownTheRoofSpace>Yes</ownTheRoofSpace><typeOfRoof>Tin / Colourbond</typeOfRoof><minimumTenSquareMetersNorthFacing>I\'m not sure - Please Help Me Out</minimumTenSquareMetersNorthFacing><roofSlope/><shade/><direction>Not Sure</direction><storeys>2</storeys><features>A home currently under construction\nBattery Ready\nMicroinverters</features><leadType>Residential</leadType><submittedDate>2018-03-12 00:25:25</submittedDate><companyName/><address>10 Belmont Ave Deepdene</address><installationAddressLineOne>10 Belmont Ave</installationAddressLineOne><installationAddressLineTwo/><installationSuburb>Deepdene</installationSuburb><installationState>VIC</installationState><installationPostcode>3103</installationPostcode><installationCountry>Australia</installationCountry><mailingAddressLineOne/><mailingAddressLineTwo/><mailingSuburb/><mailingState/><mailingPostcode/><mailingCountry/><homeVisit>No</homeVisit><quarterlyBill>$500-$1000</quarterlyBill><availableForConversation/><importantNotes>Looking for 25kW system to put on a house under construction. Will install back up batteries 6 months after moving in when have monthly consumption rate and battery technology is better. Estimate daily use including the pool to be around 100kWh.Battery ready system required.</importantNotes><requestedQuotes>3</requestedQuotes></lead><lead><id>358553</id><idLeadSupplier>812622</idLeadSupplier><name>Ana</name><lastName>Amorim</lastName><phone>0432553993</phone><email>fixeana@hotmail.com</email><supplierId>11640</supplierId><claimed>No</claimed><size>Not Sure. Please help me decide</size><systemPriceType>A good mix of quality and price</systemPriceType><timeframe>In the next 3 months</timeframe><ownTheRoofSpace>Yes</ownTheRoofSpace><typeOfRoof>Tile</typeOfRoof><minimumTenSquareMetersNorthFacing>I\'m not sure - Please Help Me Out</minimumTenSquareMetersNorthFacing><roofSlope/><shade/><direction>Not Sure</direction><storeys>1</storeys><features>A home currently under construction\nHybrid System (Grid Connect with Batteries)</features><leadType>Residential</leadType><submittedDate>2018-03-12 15:55:53</submittedDate><companyName/><address>28 Foch St Reservoir</address><installationAddressLineOne>28 Foch St</installationAddressLineOne><installationAddressLineTwo/><installationSuburb>Reservoir</installationSuburb><installationState>VIC</installationState><installationPostcode>3073</installationPostcode><installationCountry>Australia</installationCountry><mailingAddressLineOne/><mailingAddressLineTwo/><mailingSuburb/><mailingState/><mailingPostcode/><mailingCountry/><homeVisit>No</homeVisit><quarterlyBill>$500-$1000</quarterlyBill><availableForConversation/><importantNotes>Amount of storage required: I don\'t knowRequired for: Both backup power and minimising grid usage</importantNotes><requestedQuotes>3</requestedQuotes></lead><lead><id>358531</id><idLeadSupplier>812565</idLeadSupplier><name>Peter</name><lastName>Bristow</lastName><phone>0438364118</phone><email>peterb@blslaser.com</email><supplierId>11640</supplierId><claimed>No</claimed><size>5kW</size><systemPriceType>A good mix of quality and price</systemPriceType><timeframe>Immediately</timeframe><ownTheRoofSpace>Yes</ownTheRoofSpace><typeOfRoof>Tile</typeOfRoof><minimumTenSquareMetersNorthFacing>I\'m not sure - Please Help Me Out</minimumTenSquareMetersNorthFacing><roofSlope/><shade/><direction>Not Sure</direction><storeys>1</storeys><features>On Grid Solar</features><leadType>Residential</leadType><submittedDate>2018-03-12 13:25:33</submittedDate><companyName/><address>29 Anne St Diamond Creek</address><installationAddressLineOne>29 Anne St</installationAddressLineOne><installationAddressLineTwo/><installationSuburb>Diamond Creek</installationSuburb><installationState>VIC</installationState><installationPostcode>3089</installationPostcode><installationCountry>Australia</installationCountry><mailingAddressLineOne/><mailingAddressLineTwo/><mailingSuburb/><mailingState/><mailingPostcode/><mailingCountry/><homeVisit>No</homeVisit><quarterlyBill>$500-$1000</quarterlyBill><availableForConversation/><importantNotes/><requestedQuotes>3</requestedQuotes></lead><lead><id>358494</id><idLeadSupplier>812497</idLeadSupplier><name>Thomas</name><lastName>G</lastName><phone>0417355692</phone><email>tom_g1987@hotmail.com</email><supplierId>11640</supplierId><claimed>No</claimed><size>Not Sure. Please help me decide</size><systemPriceType>A good mix of quality and price</systemPriceType><timeframe>Immediately</timeframe><ownTheRoofSpace>Yes</ownTheRoofSpace><typeOfRoof>Slate</typeOfRoof><minimumTenSquareMetersNorthFacing>I\'m not sure - Please Help Me Out</minimumTenSquareMetersNorthFacing><roofSlope/><shade/><direction>Not Sure</direction><storeys>2</storeys><features>On Grid Solar</features><leadType>Residential</leadType><submittedDate>2018-03-12 11:45:08</submittedDate><companyName/><address>26 Barina Rd Glenroy</address><installationAddressLineOne>26 Barina Rd</installationAddressLineOne><installationAddressLineTwo/><installationSuburb>Glenroy</installationSuburb><installationState>VIC</installationState><installationPostcode>3046</installationPostcode><installationCountry>Australia</installationCountry><mailingAddressLineOne/><mailingAddressLineTwo/><mailingSuburb/><mailingState/><mailingPostcode/><mailingCountry/><homeVisit>No</homeVisit><quarterlyBill>Don\'t know</quarterlyBill><availableForConversation/><importantNotes>This customer has indicated that they are looking to arrange their own finance independently.</importantNotes><requestedQuotes>3</requestedQuotes></lead><lead><id>358506</id><idLeadSupplier>812443</idLeadSupplier><name>ALAN</name><lastName>ROBSON</lastName><phone>0408481600</phone><email>la.robson@yahoo.com.au</email><supplierId>11640</supplierId><claimed>No</claimed><size>2kW</size><systemPriceType>A good mix of quality and price</systemPriceType><timeframe>In the next 3 months</timeframe><ownTheRoofSpace>Yes</ownTheRoofSpace><typeOfRoof>Tin / Colourbond</typeOfRoof><minimumTenSquareMetersNorthFacing>I\'m not sure - Please Help Me Out</minimumTenSquareMetersNorthFacing><roofSlope/><shade/><direction>Not Sure</direction><storeys>1</storeys><features>On Grid Solar</features><leadType>Residential</leadType><submittedDate>2018-03-12 10:45:09</submittedDate><companyName/><address>13 Chapel St Whittington</address><installationAddressLineOne>13 Chapel St</installationAddressLineOne><installationAddressLineTwo/><installationSuburb>Whittington</installationSuburb><installationState>VIC</installationState><installationPostcode>3219</installationPostcode><installationCountry>Australia</installationCountry><mailingAddressLineOne/><mailingAddressLineTwo/><mailingSuburb/><mailingState/><mailingPostcode/><mailingCountry/><homeVisit>No</homeVisit><quarterlyBill>Less than $500</quarterlyBill><availableForConversation/><importantNotes>The panels will have to face west</importantNotes><requestedQuotes>3</requestedQuotes></lead><claimLeads><claimLead/></claimLeads></response>\n','2018-03-13 07:29:20','2018-03-13 07:29:20'),(7,'<?xml version=\"1.0\" encoding=\"UTF-8\"?>\n<response><lead><id>358557</id><idLeadSupplier>812626</idLeadSupplier><name>Ken</name><lastName>Allardice</lastName><phone>0418340318</phone><email>kenallardice@gmail.com</email><supplierId>971</supplierId><claimed>No</claimed><size>5kW</size><systemPriceType>A good mix of quality and price</systemPriceType><timeframe>In the next 4 weeks</timeframe><ownTheRoofSpace>Yes</ownTheRoofSpace><typeOfRoof>Tile</typeOfRoof><minimumTenSquareMetersNorthFacing>I\'m not sure - Please Help Me Out</minimumTenSquareMetersNorthFacing><roofSlope/><shade/><direction>Not Sure</direction><storeys>2</storeys><features>On Grid Solar</features><leadType>Residential</leadType><submittedDate>2018-03-12 16:45:13</submittedDate><companyName/><address>126 Gould St Frankston</address><installationAddressLineOne>126 Gould St</installationAddressLineOne><installationAddressLineTwo/><installationSuburb>Frankston</installationSuburb><installationState>VIC</installationState><installationPostcode>3199</installationPostcode><installationCountry>Australia</installationCountry><mailingAddressLineOne/><mailingAddressLineTwo/><mailingSuburb/><mailingState/><mailingPostcode/><mailingCountry/><homeVisit>No</homeVisit><quarterlyBill>Less than $500</quarterlyBill><availableForConversation/><importantNotes/><requestedQuotes>3</requestedQuotes></lead><lead><id>358556</id><idLeadSupplier>812623</idLeadSupplier><name>SIlvina</name><lastName>Phan</lastName><phone>0402056009</phone><email>silvinaphan@hotmail.com</email><supplierId>971</supplierId><claimed>No</claimed><size>Not Sure. Please help me decide</size><systemPriceType>A good mix of quality and price</systemPriceType><timeframe>Immediately</timeframe><ownTheRoofSpace>Yes</ownTheRoofSpace><typeOfRoof>Tile</typeOfRoof><minimumTenSquareMetersNorthFacing>I\'m not sure - Please Help Me Out</minimumTenSquareMetersNorthFacing><roofSlope/><shade/><direction>Not Sure</direction><storeys>1</storeys><features>On Grid Solar</features><leadType>Residential</leadType><submittedDate>2018-03-12 16:25:08</submittedDate><companyName/><address>44 Richard St Springvale South</address><installationAddressLineOne>44 Richard St</installationAddressLineOne><installationAddressLineTwo/><installationSuburb>Springvale South</installationSuburb><installationState>VIC</installationState><installationPostcode>3172</installationPostcode><installationCountry>Australia</installationCountry><mailingAddressLineOne/><mailingAddressLineTwo/><mailingSuburb/><mailingState/><mailingPostcode/><mailingCountry/><homeVisit>No</homeVisit><quarterlyBill>Less than $500</quarterlyBill><availableForConversation/><importantNotes>I have had a quote for a 3 kw system from Energy Matters. I\'d like to be able to compare with other quotes.</importantNotes><requestedQuotes>3</requestedQuotes></lead><lead><id>358281</id><idLeadSupplier>812577</idLeadSupplier><name>William</name><lastName>Davis</lastName><phone>0427598016</phone><email>wcdavis43@gmail.com</email><supplierId>971</supplierId><claimed>No</claimed><size>4kW</size><systemPriceType>A good mix of quality and price</systemPriceType><timeframe>In the next 3 months</timeframe><ownTheRoofSpace>Yes</ownTheRoofSpace><typeOfRoof>Tin / Colourbond</typeOfRoof><minimumTenSquareMetersNorthFacing>I\'m not sure - Please Help Me Out</minimumTenSquareMetersNorthFacing><roofSlope/><shade/><direction>Not Sure</direction><storeys>1</storeys><features>On Grid Solar\nMicroinverters</features><leadType>Manual Residential</leadType><submittedDate>2018-03-12 13:55:17</submittedDate><companyName/><address>2 Angus St Morwell</address><installationAddressLineOne>2 Angus St</installationAddressLineOne><installationAddressLineTwo/><installationSuburb>Morwell</installationSuburb><installationState>VIC</installationState><installationPostcode>3840</installationPostcode><installationCountry>Australia</installationCountry><mailingAddressLineOne/><mailingAddressLineTwo/><mailingSuburb/><mailingState/><mailingPostcode/><mailingCountry/><homeVisit>No</homeVisit><quarterlyBill>Less than $500</quarterlyBill><availableForConversation/><importantNotes>This customer has indicated that they are looking to arrange their own finance independently.</importantNotes><requestedQuotes>3</requestedQuotes></lead><lead><id>358534</id><idLeadSupplier>812573</idLeadSupplier><name>Glenys</name><lastName>Woods</lastName><phone>0408 345 190</phone><email>glenysjw@bigpond.com</email><supplierId>971</supplierId><claimed>No</claimed><size>Not Sure. Please help me decide</size><systemPriceType>A good mix of quality and price</systemPriceType><timeframe>In the next 3 months</timeframe><ownTheRoofSpace>Yes</ownTheRoofSpace><typeOfRoof>Tile</typeOfRoof><minimumTenSquareMetersNorthFacing>I\'m not sure - Please Help Me Out</minimumTenSquareMetersNorthFacing><roofSlope/><shade/><direction>Not Sure</direction><storeys>1</storeys><features>On Grid Solar</features><leadType>Residential</leadType><submittedDate>2018-03-12 13:50:20</submittedDate><companyName/><address>6 Lunan Pl Frankston South</address><installationAddressLineOne>6 Lunan Pl</installationAddressLineOne><installationAddressLineTwo/><installationSuburb>Frankston South</installationSuburb><installationState>VIC</installationState><installationPostcode>3199</installationPostcode><installationCountry>Australia</installationCountry><mailingAddressLineOne/><mailingAddressLineTwo/><mailingSuburb/><mailingState/><mailingPostcode/><mailingCountry/><homeVisit>Yes</homeVisit><quarterlyBill>Less than $500</quarterlyBill><availableForConversation/><importantNotes/><requestedQuotes>3</requestedQuotes></lead><lead><id>358528</id><idLeadSupplier>812558</idLeadSupplier><name>Chacko</name><lastName>James</lastName><phone>0421999561</phone><email>kappalumakal@hotmail.com</email><supplierId>971</supplierId><claimed>No</claimed><size>Not Sure. Please help me decide</size><systemPriceType>A good mix of quality and price</systemPriceType><timeframe>In the next 4 weeks</timeframe><ownTheRoofSpace>Yes</ownTheRoofSpace><typeOfRoof>Tin / Colourbond</typeOfRoof><minimumTenSquareMetersNorthFacing>I\'m not sure - Please Help Me Out</minimumTenSquareMetersNorthFacing><roofSlope/><shade/><direction>Not Sure</direction><storeys>2</storeys><features>A home currently under construction\nOn Grid Solar</features><leadType>Residential</leadType><submittedDate>2018-03-12 13:06:47</submittedDate><companyName/><address>70 McLeod Rd Carrum</address><installationAddressLineOne>70 McLeod Rd</installationAddressLineOne><installationAddressLineTwo/><installationSuburb>Carrum</installationSuburb><installationState>VIC</installationState><installationPostcode>3197</installationPostcode><installationCountry>Australia</installationCountry><mailingAddressLineOne/><mailingAddressLineTwo/><mailingSuburb/><mailingState/><mailingPostcode/><mailingCountry/><homeVisit>No</homeVisit><quarterlyBill>$500-$1000</quarterlyBill><availableForConversation/><importantNotes>Tell me the price for a4kw system</importantNotes><requestedQuotes>3</requestedQuotes></lead><lead><id>358502</id><idLeadSupplier>812436</idLeadSupplier><name>olivia</name><lastName>partsch</lastName><phone>0401024683</phone><email>olihana@hotmail.com</email><supplierId>971</supplierId><claimed>No</claimed><size>Not Sure. Please help me decide</size><systemPriceType>A good mix of quality and price</systemPriceType><timeframe>Immediately</timeframe><ownTheRoofSpace>Yes</ownTheRoofSpace><typeOfRoof>Other</typeOfRoof><minimumTenSquareMetersNorthFacing>I\'m not sure - Please Help Me Out</minimumTenSquareMetersNorthFacing><roofSlope/><shade/><direction>Not Sure</direction><storeys>1</storeys><features>On Grid Solar\nFinance / Payment Plan</features><leadType>Residential</leadType><submittedDate>2018-03-12 10:05:26</submittedDate><companyName/><address>6 Thompson Ct Endeavour Hills</address><installationAddressLineOne>6 Thompson Ct</installationAddressLineOne><installationAddressLineTwo/><installationSuburb>Endeavour Hills</installationSuburb><installationState>VIC</installationState><installationPostcode>3802</installationPostcode><installationCountry>Australia</installationCountry><mailingAddressLineOne/><mailingAddressLineTwo/><mailingSuburb/><mailingState/><mailingPostcode/><mailingCountry/><homeVisit>No</homeVisit><quarterlyBill/><availableForConversation/><importantNotes>comparison of different solar systems and inverters</importantNotes><requestedQuotes>3</requestedQuotes></lead><lead><id>358486</id><idLeadSupplier>812417</idLeadSupplier><name>Michaeli</name><lastName>Lyon</lastName><phone>0409135676</phone><email>baymr001@tpg.com.au</email><supplierId>971</supplierId><claimed>No</claimed><size>Not Sure. Please help me decide</size><systemPriceType>A good mix of quality and price</systemPriceType><timeframe>In the next 3 months</timeframe><ownTheRoofSpace>Yes</ownTheRoofSpace><typeOfRoof>Tin / Colourbond</typeOfRoof><minimumTenSquareMetersNorthFacing>I\'m not sure - Please Help Me Out</minimumTenSquareMetersNorthFacing><roofSlope/><shade/><direction>Not Sure</direction><storeys>1</storeys><features>On Grid Solar</features><leadType>Residential</leadType><submittedDate>2018-03-12 08:20:08</submittedDate><companyName/><address>1 Farnham Pl Mornington</address><installationAddressLineOne>1 Farnham Pl</installationAddressLineOne><installationAddressLineTwo/><installationSuburb>Mornington</installationSuburb><installationState>VIC</installationState><installationPostcode>3931</installationPostcode><installationCountry>Australia</installationCountry><mailingAddressLineOne/><mailingAddressLineTwo/><mailingSuburb/><mailingState/><mailingPostcode/><mailingCountry/><homeVisit>Yes</homeVisit><quarterlyBill>$1000-$2000</quarterlyBill><availableForConversation/><importantNotes/><requestedQuotes>3</requestedQuotes></lead><lead><id>358476</id><idLeadSupplier>812395</idLeadSupplier><name>Dilip</name><lastName>Kotecha</lastName><phone>0417141368</phone><email>dilipandmala@hotmail.com</email><supplierId>971</supplierId><claimed>No</claimed><size>More than 6kW</size><systemPriceType>Top quality (most expensive)</systemPriceType><timeframe>In the next 4 weeks</timeframe><ownTheRoofSpace>Yes</ownTheRoofSpace><typeOfRoof>Tin / Colourbond</typeOfRoof><minimumTenSquareMetersNorthFacing>I\'m not sure - Please Help Me Out</minimumTenSquareMetersNorthFacing><roofSlope/><shade/><direction>Not Sure</direction><storeys>2</storeys><features>A home currently under construction\nBattery Ready\nMicroinverters</features><leadType>Residential</leadType><submittedDate>2018-03-12 00:25:25</submittedDate><companyName/><address>10 Belmont Ave Deepdene</address><installationAddressLineOne>10 Belmont Ave</installationAddressLineOne><installationAddressLineTwo/><installationSuburb>Deepdene</installationSuburb><installationState>VIC</installationState><installationPostcode>3103</installationPostcode><installationCountry>Australia</installationCountry><mailingAddressLineOne/><mailingAddressLineTwo/><mailingSuburb/><mailingState/><mailingPostcode/><mailingCountry/><homeVisit>No</homeVisit><quarterlyBill>$500-$1000</quarterlyBill><availableForConversation/><importantNotes>Looking for 25kW system to put on a house under construction. Will install back up batteries 6 months after moving in when have monthly consumption rate and battery technology is better. Estimate daily use including the pool to be around 100kWh.Battery ready system required.</importantNotes><requestedQuotes>3</requestedQuotes></lead><lead><id>358553</id><idLeadSupplier>812622</idLeadSupplier><name>Ana</name><lastName>Amorim</lastName><phone>0432553993</phone><email>fixeana@hotmail.com</email><supplierId>11640</supplierId><claimed>No</claimed><size>Not Sure. Please help me decide</size><systemPriceType>A good mix of quality and price</systemPriceType><timeframe>In the next 3 months</timeframe><ownTheRoofSpace>Yes</ownTheRoofSpace><typeOfRoof>Tile</typeOfRoof><minimumTenSquareMetersNorthFacing>I\'m not sure - Please Help Me Out</minimumTenSquareMetersNorthFacing><roofSlope/><shade/><direction>Not Sure</direction><storeys>1</storeys><features>A home currently under construction\nHybrid System (Grid Connect with Batteries)</features><leadType>Residential</leadType><submittedDate>2018-03-12 15:55:53</submittedDate><companyName/><address>28 Foch St Reservoir</address><installationAddressLineOne>28 Foch St</installationAddressLineOne><installationAddressLineTwo/><installationSuburb>Reservoir</installationSuburb><installationState>VIC</installationState><installationPostcode>3073</installationPostcode><installationCountry>Australia</installationCountry><mailingAddressLineOne/><mailingAddressLineTwo/><mailingSuburb/><mailingState/><mailingPostcode/><mailingCountry/><homeVisit>No</homeVisit><quarterlyBill>$500-$1000</quarterlyBill><availableForConversation/><importantNotes>Amount of storage required: I don\'t knowRequired for: Both backup power and minimising grid usage</importantNotes><requestedQuotes>3</requestedQuotes></lead><lead><id>358531</id><idLeadSupplier>812565</idLeadSupplier><name>Peter</name><lastName>Bristow</lastName><phone>0438364118</phone><email>peterb@blslaser.com</email><supplierId>11640</supplierId><claimed>No</claimed><size>5kW</size><systemPriceType>A good mix of quality and price</systemPriceType><timeframe>Immediately</timeframe><ownTheRoofSpace>Yes</ownTheRoofSpace><typeOfRoof>Tile</typeOfRoof><minimumTenSquareMetersNorthFacing>I\'m not sure - Please Help Me Out</minimumTenSquareMetersNorthFacing><roofSlope/><shade/><direction>Not Sure</direction><storeys>1</storeys><features>On Grid Solar</features><leadType>Residential</leadType><submittedDate>2018-03-12 13:25:33</submittedDate><companyName/><address>29 Anne St Diamond Creek</address><installationAddressLineOne>29 Anne St</installationAddressLineOne><installationAddressLineTwo/><installationSuburb>Diamond Creek</installationSuburb><installationState>VIC</installationState><installationPostcode>3089</installationPostcode><installationCountry>Australia</installationCountry><mailingAddressLineOne/><mailingAddressLineTwo/><mailingSuburb/><mailingState/><mailingPostcode/><mailingCountry/><homeVisit>No</homeVisit><quarterlyBill>$500-$1000</quarterlyBill><availableForConversation/><importantNotes/><requestedQuotes>3</requestedQuotes></lead><lead><id>358494</id><idLeadSupplier>812497</idLeadSupplier><name>Thomas</name><lastName>G</lastName><phone>0417355692</phone><email>tom_g1987@hotmail.com</email><supplierId>11640</supplierId><claimed>No</claimed><size>Not Sure. Please help me decide</size><systemPriceType>A good mix of quality and price</systemPriceType><timeframe>Immediately</timeframe><ownTheRoofSpace>Yes</ownTheRoofSpace><typeOfRoof>Slate</typeOfRoof><minimumTenSquareMetersNorthFacing>I\'m not sure - Please Help Me Out</minimumTenSquareMetersNorthFacing><roofSlope/><shade/><direction>Not Sure</direction><storeys>2</storeys><features>On Grid Solar</features><leadType>Residential</leadType><submittedDate>2018-03-12 11:45:08</submittedDate><companyName/><address>26 Barina Rd Glenroy</address><installationAddressLineOne>26 Barina Rd</installationAddressLineOne><installationAddressLineTwo/><installationSuburb>Glenroy</installationSuburb><installationState>VIC</installationState><installationPostcode>3046</installationPostcode><installationCountry>Australia</installationCountry><mailingAddressLineOne/><mailingAddressLineTwo/><mailingSuburb/><mailingState/><mailingPostcode/><mailingCountry/><homeVisit>No</homeVisit><quarterlyBill>Don\'t know</quarterlyBill><availableForConversation/><importantNotes>This customer has indicated that they are looking to arrange their own finance independently.</importantNotes><requestedQuotes>3</requestedQuotes></lead><lead><id>358506</id><idLeadSupplier>812443</idLeadSupplier><name>ALAN</name><lastName>ROBSON</lastName><phone>0408481600</phone><email>la.robson@yahoo.com.au</email><supplierId>11640</supplierId><claimed>No</claimed><size>2kW</size><systemPriceType>A good mix of quality and price</systemPriceType><timeframe>In the next 3 months</timeframe><ownTheRoofSpace>Yes</ownTheRoofSpace><typeOfRoof>Tin / Colourbond</typeOfRoof><minimumTenSquareMetersNorthFacing>I\'m not sure - Please Help Me Out</minimumTenSquareMetersNorthFacing><roofSlope/><shade/><direction>Not Sure</direction><storeys>1</storeys><features>On Grid Solar</features><leadType>Residential</leadType><submittedDate>2018-03-12 10:45:09</submittedDate><companyName/><address>13 Chapel St Whittington</address><installationAddressLineOne>13 Chapel St</installationAddressLineOne><installationAddressLineTwo/><installationSuburb>Whittington</installationSuburb><installationState>VIC</installationState><installationPostcode>3219</installationPostcode><installationCountry>Australia</installationCountry><mailingAddressLineOne/><mailingAddressLineTwo/><mailingSuburb/><mailingState/><mailingPostcode/><mailingCountry/><homeVisit>No</homeVisit><quarterlyBill>Less than $500</quarterlyBill><availableForConversation/><importantNotes>The panels will have to face west</importantNotes><requestedQuotes>3</requestedQuotes></lead><claimLeads><claimLead/></claimLeads></response>\n','2018-03-13 07:29:26','2018-03-13 07:29:26');

/*Table structure for table `users` */

DROP TABLE IF EXISTS `users`;

CREATE TABLE `users` (
  `id` int(10) unsigned NOT NULL AUTO_INCREMENT,
  `name` varchar(255) COLLATE utf8mb4_unicode_ci NOT NULL,
  `email` varchar(255) COLLATE utf8mb4_unicode_ci NOT NULL,
  `password` varchar(255) COLLATE utf8mb4_unicode_ci NOT NULL,
  `deleted_at` timestamp NULL DEFAULT NULL,
  `remember_token` varchar(100) COLLATE utf8mb4_unicode_ci DEFAULT NULL,
  `created_at` timestamp NULL DEFAULT NULL,
  `updated_at` timestamp NULL DEFAULT NULL,
  `capsule_id` int(11) DEFAULT NULL,
  `api_token` varchar(100) COLLATE utf8mb4_unicode_ci DEFAULT NULL,
  PRIMARY KEY (`id`)
) ENGINE=MyISAM AUTO_INCREMENT=7 DEFAULT CHARSET=utf8mb4 COLLATE=utf8mb4_unicode_ci;

/*Data for the table `users` */

insert  into `users`(`id`,`name`,`email`,`password`,`deleted_at`,`remember_token`,`created_at`,`updated_at`,`capsule_id`,`api_token`) values (1,'jui','jui.citrusbug@gmail.com','$2y$10$dBuY5oRyte2.VHrjMHA90u59k93bi5KFvztsbtXl76Wg//rnAtYki',NULL,'CbDDHBBpMFYbhT0zCO0Rt63TY7oPqLjc6HYAuBFeQy61aAcWhFIF0qb568Fb','2018-02-20 05:23:33','2018-03-06 06:12:51',272053,'117ef8a6d77b57782bf344051a653410'),(3,'vrajeshs','vraj.citrusbug@gmail.com','$2y$10$FA1VN9PNlNHQ9Dq7ZekV3exHF4NCJlLyUoNWvig7MiOng2iIBUciS',NULL,'uOpWaEqgl0B1LU5AOfbwfWVF7uYBY4iZVSYukt8SzrwV2mYgewMcIsroHFVO','2018-02-28 07:49:50','2018-02-28 09:43:34',137344,NULL),(4,'Jitendra Zalas','jitendra.citrusbug@gmail.com','$2y$10$9z2T4VnLKNy3F1D7f5/aKO7eBfXoR3hes8wEfnFw371tC80rXOUeK',NULL,'2ZU2fUiwMCMwLJvCHx4mhgMfvZL0cFLXdOISBOBLJyH6QVg6o2oOIGMobqoW','2018-02-28 07:55:20','2018-02-28 10:32:30',NULL,NULL),(5,'test','vrajtester1607@yahoo.com','$2y$10$G42kjQr.HxLZHvzWUYuVGOLbMHUloUcCBMim2DUlI7/frGJI3iKAG',NULL,'RbaUQW3ZtISUQl1I2szNsuDk2vwIGA2u6bl752UQkZwsZ71wfNbtWVoJI38p','2018-02-28 09:48:13','2018-02-28 09:48:13',NULL,NULL),(6,'test','vrajptlqa@gmail.com','$2y$10$QDydLhObcUJvdadhhCaA4ujFTOhbllQ7ohpVr4ZYjdqXHKACb9ARq',NULL,'LaiUHnBDJN3hMCUXbTHBOKPNyWRZELSfwyRF7bNv7aZkWSFyQbo6V6F31rcM','2018-02-28 09:49:17','2018-02-28 09:49:17',NULL,NULL);

/*!40101 SET SQL_MODE=@OLD_SQL_MODE */;
/*!40014 SET FOREIGN_KEY_CHECKS=@OLD_FOREIGN_KEY_CHECKS */;
/*!40014 SET UNIQUE_CHECKS=@OLD_UNIQUE_CHECKS */;
/*!40111 SET SQL_NOTES=@OLD_SQL_NOTES */;
